gene,log2fc,pval,padj,direction,cell_type,score
SPARCL1,-1.6707264,9.642394268984436e-309,1.5522326294211143e-304,down,MuSC,-37.56009
RPS4Y1,-2.3778415,1.150522616684265e-177,9.260556541691648e-174,down,MuSC,-28.419825
ZFAND5,-2.1971421,3.294888652023896e-156,1.768037250676023e-152,down,MuSC,-26.627121
S100A6,0.8592689,1.977299146831372e-135,7.957640416422856e-132,up,MuSC,24.768137
RPS4X,0.47411647,2.824176498424402e-130,9.092718654327206e-127,up,MuSC,24.284996
IGFBP5,-1.2128767,7.7789804742673766e-118,2.087100461245937e-114,down,MuSC,-23.077568
HSPH1,-1.8838674,1.519182708095809e-110,3.493686176418048e-107,down,MuSC,-22.339743
FN1,-1.8697355,1.9576863130007162e-109,3.9393542833356894e-106,down,MuSC,-22.225254
FKBP5,-1.8717194,4.4645021357576995e-109,7.985506153491939e-106,down,MuSC,-22.188206
B2M,0.6792604,2.9996636986543527e-106,4.828858622093777e-103,up,MuSC,21.893444
MYF5,1.4212679,5.852258559717375e-99,8.564514390393665e-96,up,MuSC,21.114502
HSP90AA1,-1.0639645,2.0489269343571126e-98,2.748635482440067e-95,down,MuSC,-21.055206
DNAJB1,-1.2381439,2.3481237901612084e-95,2.907699751847318e-92,down,MuSC,-20.718727
GPX3,1.2048038,1.4361605496454206e-85,1.6513794662994273e-82,up,MuSC,19.603758
TPD52L1,-1.444273,2.8476317312264977e-85,3.0560783739522776e-82,down,MuSC,-19.5689
ZBTB16,-1.5862257,8.454876331978409e-85,8.506662449511774e-82,down,MuSC,-19.513353
MT1X,-1.0534347,2.0447819304518908e-78,1.936288206847914e-75,down,MuSC,-18.74709
MT1E,-1.3204149,7.391646777060944e-76,6.610596100951507e-73,down,MuSC,-18.431135
GLUL,-1.1348822,1.0300970424875911e-75,8.727632731560654e-73,down,MuSC,-18.413172
MT1M,-1.5857002,9.129952932247994e-72,7.348699115166408e-69,down,MuSC,-17.914246
UBB,-0.9062652,2.7642646744779993e-68,2.119006320464135e-65,down,MuSC,-17.462526
CD63,0.6206392,2.9329698546803313e-68,2.146134032756545e-65,up,MuSC,17.459145
ADIRF,1.59428,2.2757882774154093e-66,1.592853899557968e-63,up,MuSC,17.208935
LPL,-2.2398684,1.2200682653849881e-65,8.183607890069808e-63,down,MuSC,-17.111412
FOXO1,-1.6019244,5.697524079277635e-62,3.6687497051284553e-59,down,MuSC,-16.612087
MT2A,-1.1030585,5.14035746728037e-61,3.143517443816607e-58,down,MuSC,-16.479624
ENPP5,-2.5064676,5.272392283702844e-61,3.143517443816607e-58,down,MuSC,-16.47809
TSC22D3,-1.1595685,4.2432147164502345e-58,2.4395453751934237e-55,down,MuSC,-16.068487
RPS27A,0.26194853,1.8421968663183908e-57,1.0226098328963262e-54,up,MuSC,15.977206
COPS9,-1.006136,1.4379917373249843e-55,7.716263662485865e-53,down,MuSC,-15.703201
MT-CO1,0.40284953,2.5244268229884168e-55,1.3109104192408885e-52,up,MuSC,15.667466
SPRY1,1.0644685,5.0447147034226236e-55,2.5378067904905442e-52,up,MuSC,15.623394
BZW1,-1.2768077,1.5918673880428128e-54,7.765418549307031e-52,down,MuSC,-15.549968
RASSF4,-1.2806176,9.272624608280322e-54,4.390315027767549e-51,down,MuSC,-15.436699
KLF2,-1.262719,2.4472248039850286e-53,1.1255835684157426e-50,down,MuSC,-15.373965
RPL8,0.30922386,4.238060761016604e-53,1.895119503634592e-50,up,MuSC,15.338354
ABLIM1,-1.3014169,1.2535231330363273e-52,5.45384199881589e-50,down,MuSC,-15.267789
ACTB,0.60962117,4.028499953383997e-52,1.7065997960414628e-49,up,MuSC,15.19146
USP53,-1.5727763,5.32063930265896e-51,2.196196192159076e-48,down,MuSC,-15.021358
HSP90AB1,-0.5154379,3.3538548799797944e-49,1.3497588964478682e-46,down,MuSC,-14.744177
ACTG1,0.5689596,1.151725928424702e-48,4.5220692672636236e-46,up,MuSC,14.6606455
C1R,1.5699215,2.9753633563564566e-48,1.1404142693006248e-45,up,MuSC,14.596064
RPS28,0.20678447,3.5579250149735325e-48,1.3319878346754401e-45,up,MuSC,14.583864
ATF3,-1.271262,1.0310328497838662e-47,3.772174276322882e-45,down,MuSC,-14.511067
RPL13,0.19088839,1.5813789197091882e-47,5.657119522106335e-45,up,MuSC,14.4817
S100A4,0.8701423,4.03699884176181e-47,1.4127740729278613e-44,up,MuSC,14.417145
ZBTB20,-0.8120515,2.392890388191416e-46,8.195904142362852e-44,down,MuSC,-14.293772
MTHFD2,-1.5084306,4.3078341571067925e-46,1.4447398804396904e-43,down,MuSC,-14.25278
HSPA1A,-0.7092086,7.505191739066657e-45,2.4656852370509198e-42,down,MuSC,-14.051846
ZFHX3,-1.2788397,1.233067874179206e-44,3.969985327707372e-42,down,MuSC,-14.016645
COL4A1,-1.354357,3.350669840069654e-44,1.0576290801066919e-41,down,MuSC,-13.945505
CXCL14,-1.0455805,3.5213954812613816e-44,1.0901427780258792e-41,down,MuSC,-13.941959
DNAJA1,-1.071073,3.794934630450723e-44,1.1526576920942588e-41,down,MuSC,-13.93662
FBLN1,-2.4232566,2.1935216319729733e-43,6.539131709537209e-41,down,MuSC,-13.81081
NFKBIA,-0.9830769,3.9631040741559337e-42,1.1599645342865858e-39,down,MuSC,-13.600757
FOSB,-1.0237393,5.069452946775125e-42,1.4572866703068922e-39,down,MuSC,-13.582739
EGFR,-1.0832081,8.196885156279361e-41,2.3149729341365822e-38,down,MuSC,-13.377397
RPL10,0.19529206,1.1672025596392907e-40,3.2395908284609147e-38,up,MuSC,13.351095
CCNL1,-0.95623356,5.950583961154381e-40,1.6236017051976818e-37,down,MuSC,-13.229215
TRA2B,-0.98959684,1.1901559050435703e-39,3.193188293231899e-37,down,MuSC,-13.17701
RPS3A,0.2379348,2.1345461271481428e-39,5.6331022221034105e-37,up,MuSC,13.132855
CDC42EP4,-1.4343573,5.5355795185256776e-39,1.4372864369230062e-36,down,MuSC,-13.06051
PITPNC1,-1.9301513,5.7683009484288806e-39,1.4739382328223512e-36,down,MuSC,-13.057375
RPL34,0.21365556,1.1582921551572984e-38,2.9134667365190927e-36,up,MuSC,13.004184
PTMA,-0.3519138,1.2065599743421316e-38,2.9881849949168672e-36,down,MuSC,-13.001062
PON2,-0.9166517,1.9904553266993903e-38,4.854901492304059e-36,down,MuSC,-12.962727
NAP1L1,-0.74980074,2.3380418705533627e-38,5.617581795845976e-36,down,MuSC,-12.9503765
RPL32,0.16007659,2.575268498121449e-38,6.096569453346926e-36,up,MuSC,12.942956
HSPD1,-0.9116542,2.685422049980943e-38,6.265206400085975e-36,down,MuSC,-12.939738
CRISPLD2,-1.4545791,2.0898957000298524e-37,4.806162997011509e-35,down,MuSC,-12.781137
RHOBTB3,-0.8968331,8.591033763512394e-37,1.947865655282007e-34,down,MuSC,-12.670731
LPP,-0.9810598,1.1890631984509217e-36,2.658547134536519e-34,down,MuSC,-12.64521
GPX4,0.61590004,4.409467055183807e-36,9.723780911554648e-34,up,MuSC,12.541785
DCXR,-1.1868411,7.081875910050841e-36,1.5405951135134925e-33,down,MuSC,-12.5041895
HSPE1,-0.806864,1.3782290530731245e-35,2.958230839516154e-33,down,MuSC,-12.451162
DEPP1,1.3761027,1.4738304398968213e-35,3.121805581770925e-33,up,MuSC,12.445809
DDX3Y,-2.6076484,1.5524223891673648e-35,3.245570859846265e-33,down,MuSC,-12.441661
BAG3,-1.1804425,4.3056710196538806e-35,8.88624257363951e-33,down,MuSC,-12.359923
MKNK2,-1.2547333,6.45878463417148e-35,1.3161204435556016e-32,down,MuSC,-12.327283
UBC,-0.583708,6.775669177500351e-35,1.3634340302425082e-32,down,MuSC,-12.323422
PPP1CB,-0.95853645,8.280775433979498e-35,1.645727443656815e-32,down,MuSC,-12.307239
HSPA8,-0.7838273,8.709979514842932e-35,1.7099176857309943e-32,down,MuSC,-12.303159
PLPP3,-0.97132784,1.0648503671972139e-34,2.0652965314627408e-32,down,MuSC,-12.2869215
RPS14,0.2163917,1.3666813461705495e-34,2.596221633896777e-32,up,MuSC,12.2667265
SMIM3,-1.2427117,1.370846309362815e-34,2.596221633896777e-32,down,MuSC,-12.2664795
EIF4A1,-0.8948164,1.430980816489356e-34,2.6785964167262386e-32,down,MuSC,-12.263002
LSP1,0.82450134,3.1958817345205313e-34,5.9134832370473e-32,up,MuSC,12.197736
CEBPB,-0.84573233,7.562190323264105e-34,1.3833652252716543e-31,down,MuSC,-12.127389
RPL41,0.15487291,2.116721161313255e-33,3.828649129755144e-31,up,MuSC,12.04279
IER3,-1.376117,2.398832638055047e-33,4.290711978601127e-31,down,MuSC,-12.032467
ATF4,-0.8713995,4.961253509333558e-33,8.776511977280398e-31,down,MuSC,-11.972335
NPC2,0.9588357,4.998663861405205e-32,8.746575091402281e-30,up,MuSC,11.779163
PPM1L,-1.602117,7.913389417168932e-32,1.3697821810493061e-29,down,MuSC,-11.7403755
MYF6,1.3464314,1.261032204134921e-31,2.159584725762123e-29,up,MuSC,11.700904
TGFBR3,-0.95067424,2.613780217851586e-31,4.429119362839457e-29,down,MuSC,-11.638896
RARRES2,0.9063195,3.251387159293256e-31,5.452169842739877e-29,up,MuSC,11.620262
CAV1,1.2871296,6.104679258536939e-31,1.0131250175662642e-28,up,MuSC,11.566318
PLOD1,-1.199068,2.0907397850663384e-30,3.4343601081630523e-28,down,MuSC,-11.460182
RPS19,0.18460464,2.5179680192115943e-30,4.094368603360428e-28,up,MuSC,11.444068
COL4A2,-1.2941594,9.931982562815652e-30,1.5988505529620638e-27,down,MuSC,-11.324432
NR4A1,-0.88019556,3.1954814058535246e-29,5.093154422913865e-27,down,MuSC,-11.221569
TOB2,-1.3919502,5.64663479948783e-29,8.911718333544616e-27,down,MuSC,-11.171117
RPL3,0.19101156,6.77432898414199e-29,1.0587684270555124e-26,up,MuSC,11.154934
FHL1,-1.4432566,2.1734287276408784e-28,3.364216890150275e-26,down,MuSC,-11.05077
ZBED3,-3.04972,6.005347690952216e-28,9.20705591704274e-26,down,MuSC,-10.959161
PLPP1,-1.1072276,7.170447463589504e-28,1.0889609742345644e-25,down,MuSC,-10.943101
SERPINH1,-1.2103245,1.0808204766807804e-27,1.6260792554773083e-25,down,MuSC,-10.905847
PTGDS,-1.014274,1.7355655026109004e-27,2.586956801947248e-25,down,MuSC,-10.862692
RPS21,0.15888122,1.9637211087317293e-27,2.900181872326916e-25,up,MuSC,10.85141
EGR1,-0.8175597,2.3204603114755544e-27,3.3958881903757706e-25,down,MuSC,-10.836144
ZFAND2A,-1.6002737,2.5401983081002034e-27,3.6839740868285647e-25,down,MuSC,-10.827861
RPS12,0.20446764,4.1665304975556485e-27,5.98864356693311e-25,up,MuSC,10.782447
RPL11,0.1555093,4.866660452398321e-27,6.933053094044971e-25,up,MuSC,10.768153
ELL2,-1.0104492,9.16808942011496e-27,1.2946307323246546e-24,down,MuSC,-10.709678
HNRNPA1,-0.48838812,9.851069625418855e-27,1.3789784246086324e-24,down,MuSC,-10.703023
TMED10,-0.80513453,1.4256706278372185e-26,1.978486704045133e-24,down,MuSC,-10.668726
MT-ND4,0.25402775,1.4609643081866104e-26,2.0101370455716286e-24,up,MuSC,10.666453
IP6K3,-1.3987062,1.6267371704654398e-26,2.21925550594514e-24,down,MuSC,-10.656459
FOXO3,-0.75306356,2.777661457655802e-26,3.75754572649942e-24,down,MuSC,-10.606567
RPL39,0.15343004,2.810814269966069e-26,3.7707073431594816e-24,up,MuSC,10.605458
BTG2,-0.8498298,3.4894945369492576e-26,4.6424696740338136e-24,down,MuSC,-10.585223
SH3BP5,-2.4599917,7.818929868602057e-26,1.0317142051209502e-23,down,MuSC,-10.5094
PRDX6,-0.6795131,8.045735556901847e-26,1.0530101706911052e-23,down,MuSC,-10.506703
RPL7,0.22346975,1.007752084144599e-25,1.3082897621419161e-23,up,MuSC,10.48544
CNKSR3,-1.1497552,1.157487513430612e-25,1.4906587192964794e-23,down,MuSC,-10.472338
NPPC,-1.4797593,2.0629661606819009e-25,2.635684861480733e-23,down,MuSC,-10.417503
ECHDC2,-0.8493118,3.504148695173116e-25,4.441715409046993e-23,down,MuSC,-10.366982
RPS3,0.17077476,6.076650498895021e-25,7.642337479000942e-23,up,MuSC,10.31423
CSRP2,-0.863637,6.507686021001838e-25,8.120986788068804e-23,down,MuSC,-10.307644
SERPINF1,-0.7998696,2.140633493232405e-24,2.6507629210811745e-22,down,MuSC,-10.192554
GADD45G,-2.1896145,3.2950192715317432e-24,4.0491007811540457e-22,down,MuSC,-10.15055
DNAJB4,-0.8716084,5.358524077522212e-24,6.534963681814588e-22,down,MuSC,-10.102986
RPS10,-0.50908464,6.24497159214594e-24,7.5587633601778455e-22,down,MuSC,-10.087967
DHX36,-0.9326167,8.177635905894392e-24,9.824147971125964e-22,down,MuSC,-10.0614605
RNF150,-1.729867,8.476368978976215e-24,1.0107599098041412e-21,down,MuSC,-10.057928
SERTAD1,-0.8405468,9.8774570681497e-24,1.1691713520814257e-21,down,MuSC,-10.042853
LGALS3,0.7496577,1.3844844410571626e-23,1.6268197468714017e-21,up,MuSC,10.009501
FABP5,1.8037708,1.6752874488575005e-23,1.954259228384641e-21,up,MuSC,9.990621
NUDT4,-1.0097687,1.7699398105237365e-23,2.04981950142526e-21,down,MuSC,-9.985172
TGFBI,-0.8551904,1.870142981968112e-23,2.15039726598019e-21,down,MuSC,-9.979709
RSRC2,-0.726539,2.374341499553955e-23,2.710790741831176e-21,down,MuSC,-9.955996
RPS2,0.13894637,2.929143839683526e-23,3.320658981072212e-21,up,MuSC,9.935089
DIO2,-1.3651097,4.0095463559384483e-23,4.5136837229298695e-21,down,MuSC,-9.903749
RPS25,0.16328342,4.127082338992753e-23,4.613734131465649e-21,up,MuSC,9.900861
NOP53,0.36969417,5.133098268543896e-23,5.698801098415147e-21,up,MuSC,9.879023
HIF1A,-1.042311,5.857543654785689e-23,6.458543681831509e-21,down,MuSC,-9.865784
S100A10,0.56548333,5.989255009828259e-23,6.5588453842323334e-21,up,MuSC,9.863552
SRSF3,-0.57724446,6.817339000906734e-23,7.415238056526796e-21,down,MuSC,-9.850545
MAFF,-0.93980163,9.117254269758805e-23,9.850305988897801e-21,down,MuSC,-9.821286
RPS24,0.16435407,9.32514440392302e-23,1.0007744974290186e-20,up,MuSC,9.819014
RPS6,0.17423947,9.66153521415893e-23,1.0300092309770227e-20,up,MuSC,9.81544
HLA-B,0.6057846,1.3703410905833535e-22,1.4512993997507123e-20,up,MuSC,9.78013
SYTL4,-1.2116814,1.554137184087528e-22,1.6351961038850343e-20,down,MuSC,-9.767384
SERBP1,-0.658394,1.8355805385982048e-22,1.9187776305424622e-20,down,MuSC,-9.750503
VIT,-1.2482703,2.341774550561698e-22,2.429897387029289e-20,down,MuSC,-9.725748
SLC22A3,-1.8453895,2.3547272479598043e-22,2.429897387029289e-20,down,MuSC,-9.725187
COPS2,-0.8607981,4.289009485122913e-22,4.397737241497367e-20,down,MuSC,-9.663973
AKAP13,-0.9596163,5.793940875420685e-22,5.90321900079254e-20,down,MuSC,-9.633126
IFITM2,0.4044077,9.474045786440524e-22,9.592024469818841e-20,up,MuSC,9.582482
MPST,-0.9884039,1.2851152403652173e-21,1.2929865712124544e-19,down,MuSC,-9.550951
ABI3BP,-1.3969078,1.56678419782973e-21,1.5665895662523596e-19,down,MuSC,-9.5304
ARID5B,-0.7249272,1.6394890561422917e-21,1.6291663472702846e-19,down,MuSC,-9.52569
POLA2,-1.1743628,1.6520720469656629e-21,1.6315985160768862e-19,down,MuSC,-9.524896
SLC19A2,-1.3279315,4.204898995859693e-21,4.127467319228618e-19,down,MuSC,-9.427373
RPLP2,0.16757655,4.279624964803554e-21,4.1753577383883414e-19,up,MuSC,9.425524
RPS7,0.1817513,5.0692309275559165e-21,4.9159324983009135e-19,up,MuSC,9.407739
RPS27,0.09909226,6.7069341930963536e-21,6.4651632718841385e-19,up,MuSC,9.378262
PRUNE2,2.9159606,6.831715885542432e-21,6.54624775746798e-19,up,MuSC,9.376317
SELENOS,-0.8054833,6.920965359229033e-21,6.592526648098755e-19,down,MuSC,-9.3749485
RPL9,0.15133095,7.751731371018981e-21,7.297507111734709e-19,up,MuSC,9.362982
DDX21,-0.80863136,7.751731371018981e-21,7.297507111734709e-19,down,MuSC,-9.362982
NFKBIZ,-1.164093,8.404477517430093e-21,7.866004597418002e-19,down,MuSC,-9.354439
XBP1,-0.79315233,1.9903339963514227e-20,1.8520460504777573e-18,down,MuSC,-9.262857
RPS18,0.15015933,2.0199078416238712e-20,1.8687630134747746e-18,up,MuSC,9.261283
TPT1,-0.23215479,2.385684277086161e-20,2.194556885287601e-18,down,MuSC,-9.243498
MT1A,-1.109957,3.516646141111005e-20,3.2165323624775557e-18,down,MuSC,-9.201903
HNRNPK,-0.5493394,6.693422945957485e-20,6.087611445425062e-18,down,MuSC,-9.132502
RPLP1,0.14685902,7.15829320647179e-20,6.473831687515894e-18,up,MuSC,9.125232
ST3GAL5,1.1273128,1.2212122692897525e-19,1.098272352571309e-17,up,MuSC,9.067194
CALD1,-0.60820985,1.3812454380722254e-19,1.2352938367825937e-17,down,MuSC,-9.053762
GPM6B,-0.7204986,1.4410503404246795e-19,1.281659026527983e-17,down,MuSC,-9.049135
PDK4,-0.74135584,2.169184485593089e-19,1.9186555961031614e-17,down,MuSC,-9.004365
PEG10,-1.3295078,2.207403322900544e-19,1.941791185358085e-17,down,MuSC,-9.002448
DDIT4,-0.6529886,2.54219943744898e-19,2.224148181742048e-17,down,MuSC,-8.986936
TNS2,-1.0963502,2.7746629195962227e-19,2.4144066853870266e-17,down,MuSC,-8.97731
CHMP1B,-1.0566379,3.12752343934424e-19,2.7068210928259986e-17,down,MuSC,-8.964126
CFLAR,-0.8721204,4.246142096473817e-19,3.6553152657238236e-17,down,MuSC,-8.930363
SOCS1,-2.0387561,4.488143941942476e-19,3.843092615818616e-17,down,MuSC,-8.924229
SUB1,-0.67742956,5.645855904028752e-19,4.8088353620663946e-17,down,MuSC,-8.89879
TRHDE,-1.256238,8.887598142662487e-19,7.530134468451616e-17,down,MuSC,-8.848283
TFDP2,-1.0041479,1.0546829172743941e-18,8.889154765593296e-17,down,MuSC,-8.829156
B4GALT1,-1.2059755,1.8537690031597352e-18,1.5542694485867402e-16,down,MuSC,-8.765847
BTG3,-0.86714566,2.3811028481850762e-18,1.9860618471545776e-16,down,MuSC,-8.737602
SAT1,-0.6013436,2.631879057978048e-18,2.183916962645908e-16,down,MuSC,-8.726279
RPS15,0.11901617,2.6852727595177098e-18,2.216795942703389e-16,up,MuSC,8.724007
RPS23,0.079284385,3.080120183523555e-18,2.529784424202152e-16,up,MuSC,8.708467
TOMM20,-0.6289319,3.1409645724596722e-18,2.5666623191601926e-16,down,MuSC,-8.706249
MEF2A,-1.1524049,4.01324192233594e-18,3.262887296250705e-16,down,MuSC,-8.678414
EIF5,-0.59147274,4.2020076978657575e-18,3.399191955791103e-16,down,MuSC,-8.673184
JUNB,-0.6776848,4.9539319167774256e-18,3.98741979981415e-16,down,MuSC,-8.654428
CALD1,-3.08109,3.598462071054592e-220,5.792804241983682e-216,down,Myofiber,-31.673521
MT-ND3,-2.9880373,1.4174167719380758e-213,1.1408787597329572e-209,down,Myofiber,-31.190859
MT-ATP6,-2.9547155,2.184931643374409e-203,1.172434319834708e-199,down,Myofiber,-30.430277
SPARCL1,-2.9429512,1.1482446769346604e-184,4.621110702323541e-181,down,Myofiber,-28.980814
DSTN,-3.052973,3.812516307705864e-184,1.2274777504289804e-180,down,Myofiber,-28.939426
TIMP3,-2.7247674,9.999773211608025e-181,2.6829391526744327e-177,down,Myofiber,-28.666447
ACTB,-2.8682551,5.884024728068273e-165,1.3531575724634722e-161,down,Myofiber,-27.372164
MT-CO2,-2.8730347,1.226828770725277e-164,2.468686193891939e-161,down,Myofiber,-27.34534
MT-ND1,-2.5956666,8.271665985524324e-164,1.4795253226107842e-160,down,Myofiber,-27.275557
MT-ND2,-2.7072096,2.702682377204399e-161,4.350778090823642e-158,down,Myofiber,-27.062765
PLN,-2.3867638,9.131168863619809e-160,1.3363050578777427e-156,down,Myofiber,-26.932562
MYH11,-2.799159,2.0540764553385872e-152,2.755543564836715e-149,down,Myofiber,-26.297392
MT-ND4,-2.720242,4.2414545245975906e-152,5.252225764382464e-149,down,Myofiber,-26.269844
HES4,-2.4447055,8.063001709063031e-149,9.271300108035476e-146,down,Myofiber,-25.981272
TPM2,-2.1343093,3.2010190281791095e-147,3.43533362104182e-144,down,Myofiber,-25.839403
MYL6,-2.7454271,6.2515581840916944e-145,6.289848977969256e-142,down,Myofiber,-25.634771
RHOB,-2.207824,3.2827355304990554e-144,3.1085574452925764e-141,down,Myofiber,-25.570093
CLIC4,-2.5636623,9.848413733236853e-144,8.807764682091489e-141,down,Myofiber,-25.527157
MT-CYB,-2.6851194,2.36712807423088e-143,2.0055804073141424e-140,down,Myofiber,-25.492832
FLNA,-2.3931496,5.596076467199983e-140,4.5042819484492645e-137,down,Myofiber,-25.186749
PPP1CB,-2.0452387,7.863067103255111e-140,6.027602582295275e-137,down,Myofiber,-25.173264
PPP1R14A,-2.5102344,3.923059364960467e-139,2.870609529869709e-136,down,Myofiber,-25.109434
ACTA2,-3.2599137,4.5209316524261356e-139,3.1642590322067803e-136,down,Myofiber,-25.103794
FABP4,-2.8808744,9.378767002102376e-139,6.290807966660168e-136,down,Myofiber,-25.074755
COX7A2,-2.0626242,1.6513438397612908e-138,1.0633333252990904e-135,down,Myofiber,-25.052217
MT-CO3,-2.7666454,3.863928376359999e-137,2.39236611548628e-134,down,Myofiber,-24.926258
CSRP2,-2.3924682,5.1068657077915465e-134,3.0448268208899376e-131,down,Myofiber,-24.636726
C11orf96,-2.4736319,1.3583326730269616e-131,7.809442632281439e-129,down,Myofiber,-24.409422
TAGLN,-3.3776922,1.7920722984468213e-131,9.947855124274804e-129,down,Myofiber,-24.398087
MYL9,-3.186512,5.341566729575437e-131,2.86628470709018e-128,down,Myofiber,-24.353357
PTMA,-2.448307,1.4163113526804e-130,7.354767792080347e-128,down,Myofiber,-24.31335
MT-CO1,-2.6689365,4.148604632520216e-130,2.087007417947201e-127,down,Myofiber,-24.269182
CCDC107,-2.1221437,2.2156933416647594e-128,1.0808554973975544e-125,down,Myofiber,-24.104996
TMSB4X,-2.7278502,8.867724613539294e-128,4.1986067890810463e-125,down,Myofiber,-24.047491
LMOD1,-2.2178102,4.981832113927206e-127,2.291358096285719e-124,down,Myofiber,-23.975735
CSRP1,-2.294737,1.021485566904144e-126,4.5677429600063644e-124,down,Myofiber,-23.94582
CALM2,-2.4059403,1.2926409416086716e-126,5.624036183247674e-124,down,Myofiber,-23.936003
H3-3A,-2.0189269,2.617220875769043e-124,1.1087374120560539e-121,down,Myofiber,-23.713491
ATP5F1E,-1.953639,7.32212941244771e-124,3.022349725168801e-121,down,Myofiber,-23.670145
CAV1,-2.2552872,7.92827494824851e-124,3.1907342529226127e-121,down,Myofiber,-23.66679
SELENOM,-2.1181293,8.581647110091669e-123,3.369447687274529e-120,down,Myofiber,-23.566118
ITM2B,-1.9430486,1.3898862379858743e-121,5.327235395023002e-119,down,Myofiber,-23.447865
COX8A,-2.0241075,3.010675093154573e-121,1.127112736037263e-118,down,Myofiber,-23.414938
NDUFA4,-1.8831594,3.341878281576911e-121,1.222671740382389e-118,down,Myofiber,-23.410488
COX6A1,-2.0463367,6.2825913610445585e-121,2.2474923495576734e-118,down,Myofiber,-23.383556
TNS1,-1.9627573,1.7732445365696345e-119,6.205584902108255e-117,down,Myofiber,-23.240538
MT-ND5,-2.0422344,2.955231627910833e-119,1.0121982711937998e-116,down,Myofiber,-23.21859
CST3,-1.8261741,3.171724017773866e-119,1.0637169424609103e-116,down,Myofiber,-23.21555
RPS4Y1,-2.1907787,4.3013828577932345e-119,1.41313594377052e-116,down,Myofiber,-23.202448
COX6C,-1.8542695,3.4993300458599305e-117,1.126644301565063e-114,down,Myofiber,-23.01244
SERF2,-1.889726,4.4366432702616994e-117,1.4004133993073103e-114,down,Myofiber,-23.002144
MAP1B,-2.0728636,1.0201583815572493e-116,3.158174928136268e-114,down,Myofiber,-22.965984
UBB,-1.7140622,2.6567322633664465e-116,8.069448297296803e-114,down,Myofiber,-22.924349
LBH,-2.1603022,2.996729360473508e-116,8.933583193500468e-114,down,Myofiber,-22.919106
IGFBP7,-2.837337,3.2397109687757084e-116,9.482339486427518e-114,down,Myofiber,-22.91571
RPS27,-2.305727,3.259923049564468e-115,9.371114509265859e-113,down,Myofiber,-22.814928
UBL5,-1.8437309,7.495826748384313e-114,2.116979280622644e-111,down,Myofiber,-22.677357
MYLK,-2.136693,1.0351750781349136e-112,2.873146277209627e-110,down,Myofiber,-22.561514
RGCC,-2.6697,9.135970552747933e-112,2.492726338273496e-109,down,Myofiber,-22.464977
GPX3,-2.1200655,1.909907245529549e-110,5.1242811397557824e-108,down,Myofiber,-22.329515
COX7C,-1.790157,2.4416468605991666e-110,6.443546092118915e-108,down,Myofiber,-22.318535
C1QTNF1,-2.3269432,1.0321623406248897e-109,2.6799595740934642e-107,down,Myofiber,-22.253979
ITGA8,-2.5153787,8.565613428150324e-109,2.1887181740692686e-106,down,Myofiber,-22.158878
PTMS,-1.9726,8.875747143467877e-109,2.2325277736804037e-106,down,Myofiber,-22.157278
ATP5MK,-1.8093175,1.8007370063747773e-108,4.459732973634026e-106,down,Myofiber,-22.125391
MCAM,-2.0245998,1.2853864533681996e-107,3.135174413078981e-105,down,Myofiber,-22.03656
GUK1,-1.9644284,1.9195396836611082e-107,4.6120522130711206e-105,down,Myofiber,-22.018393
GSN,-1.9369606,1.9934046447782224e-107,4.7190923487705625e-105,down,Myofiber,-22.016682
RPS10,-1.9153379,6.449708014301014e-107,1.5047449219451844e-104,down,Myofiber,-21.963394
TACC1,-2.1126432,7.091540805632053e-106,1.630851769843783e-103,down,Myofiber,-21.854193
KCNAB1,-2.3967679,7.285508517497672e-106,1.651860790347571e-103,down,Myofiber,-21.852959
CFL1,-1.8376784,3.3006312553017856e-105,7.379661381645576e-103,down,Myofiber,-21.78386
COX5B,-1.7073201,8.072066668951616e-105,1.78005656488744e-102,down,Myofiber,-21.742853
EID1,-1.835501,1.3838566622140881e-104,3.010449263286809e-102,down,Myofiber,-21.7181
S100A6,-2.2883506,3.6694661910799066e-104,7.876142232533912e-102,down,Myofiber,-21.673246
PFN1,-1.8641905,1.775583525773167e-103,3.760966262881111e-101,down,Myofiber,-21.600533
IFITM3,-2.0452347,5.716392321644418e-103,1.1950971895302838e-100,down,Myofiber,-21.546452
SH3BGRL,-1.9478705,9.932817287727396e-103,2.049980675613277e-100,down,Myofiber,-21.52085
PHLDA2,-2.352524,1.5828773241530468e-101,3.2254631853437656e-99,down,Myofiber,-21.392096
MGP,-2.0235503,3.241571448541809e-101,6.522852147328255e-99,down,Myofiber,-21.358633
TTN,3.1170266,4.7135666660518967e-101,9.367777307420178e-99,up,Myofiber,21.341135
MT-ND4L,-2.131987,1.2702058471991125e-100,2.493630942464793e-98,down,Myofiber,-21.294735
MTHFD2,-1.8525063,1.9656044240301672e-100,3.812325303378028e-98,down,Myofiber,-21.274267
SRP14,-1.654894,1.001512359954742e-99,1.9193269012561239e-97,down,Myofiber,-21.19776
MT2A,-2.0094748,2.536420880181548e-99,4.80368274460736e-97,down,Myofiber,-21.153975
UQCR11,-1.830415,1.0206829725502983e-98,1.910576103734268e-96,down,Myofiber,-21.088202
C12orf57,-1.8032047,5.242325533872344e-98,9.700109936123792e-96,down,Myofiber,-21.010641
ACTG1,-1.764671,5.510418208550324e-98,1.0080308218323082e-95,down,Myofiber,-21.008272
SUMO2,-1.7536424,6.286252796761932e-98,1.1370348036210517e-95,down,Myofiber,-21.002014
GADD45B,-2.1724079,9.801539249934532e-98,1.75316865383829e-95,down,Myofiber,-20.980902
FHL5,-2.2859707,1.175373718849381e-97,2.079249024839268e-95,down,Myofiber,-20.972263
NDUFB8,-1.8693153,4.273552066790377e-97,7.477787083825162e-95,down,Myofiber,-20.91076
ZFP36,-1.8571362,1.0948502744594293e-96,1.8951505073384827e-94,down,Myofiber,-20.865828
SPARC,-1.9150023,1.988178071901716e-96,3.404860702284448e-94,down,Myofiber,-20.83728
CNN1,-2.0417542,2.1069925141559775e-96,3.570354262408729e-94,down,Myofiber,-20.834501
HSPA1A,-1.7611376,2.728987097854848e-96,4.576170239715348e-94,down,Myofiber,-20.822111
RPL36AL,-1.7223158,2.952897558094374e-96,4.900592256721982e-94,down,Myofiber,-20.81833
NDUFA11,-1.8834348,8.759836547138598e-96,1.4389372319983381e-93,down,Myofiber,-20.766153
ATP5ME,-1.6880172,3.758119326007497e-95,6.1109297888958274e-93,down,Myofiber,-20.696068
NDUFB7,-1.6903782,2.4044987544392346e-94,3.87076209489628e-92,down,Myofiber,-20.606403
MRPL33,-1.6380529,1.730314303262167e-93,2.7578811538529065e-91,down,Myofiber,-20.510632
CD9,-1.7744939,2.1435369406127616e-93,3.3830056539200226e-91,down,Myofiber,-20.500214
NDUFS5,-1.6522834,2.4951622870008016e-93,3.899720630693097e-91,down,Myofiber,-20.492819
ELOB,-1.7002221,4.425627656674433e-93,6.850360963187022e-91,down,Myofiber,-20.464903
VIM,-2.391645,5.025985856437645e-93,7.7055543158984e-91,down,Myofiber,-20.4587
DYNLT1,-1.6738812,8.10066806030036e-93,1.2302316456105203e-90,down,Myofiber,-20.435411
PPDPF,-1.7326143,3.219332618215491e-92,4.843440793274109e-90,down,Myofiber,-20.36794
ARPC1A,-1.8700265,5.717319199958436e-92,8.521981896382491e-90,down,Myofiber,-20.339792
CAVIN1,-1.8167149,2.1980719783257877e-91,3.2462901566136275e-89,down,Myofiber,-20.273634
HSPA1B,-1.788354,4.931535032397768e-91,7.217077359230842e-89,down,Myofiber,-20.233833
FAU,-1.9238234,1.0867612693198939e-90,1.5760975597758246e-88,down,Myofiber,-20.194841
NOTCH3,-1.81952,1.2837005709371467e-90,1.845090338477338e-88,down,Myofiber,-20.186613
RPL23,-1.7595042,4.092886684107226e-90,5.830733614226382e-88,down,Myofiber,-20.129232
CPE,-1.7403059,5.111995845120839e-90,7.218676238136427e-88,down,Myofiber,-20.11821
TMA7,-1.629128,6.39466435478457e-90,8.951417981158435e-88,down,Myofiber,-20.107107
RPL37A,-1.9875727,8.224124186275697e-90,1.1413099237126394e-87,down,Myofiber,-20.09462
FTH1,-2.1900938,3.93403563538965e-89,5.412829543461759e-87,down,Myofiber,-20.016771
MICOS10,-1.8084918,4.46758995452356e-89,6.09485280406104e-87,down,Myofiber,-20.010431
RPS26,-1.6691154,7.978645281899733e-89,1.079329678554806e-86,down,Myofiber,-19.981503
TPM1,-1.7954415,8.852483822255345e-89,1.1875607047555546e-86,down,Myofiber,-19.976313
PPP1R12A,-1.5606099,9.886590476360402e-89,1.3153250701524773e-86,down,Myofiber,-19.970797
RPS17,-1.7982813,1.3515219538565538e-88,1.783344296162525e-86,down,Myofiber,-19.955173
COX6B1,-1.5957853,2.810139659475511e-88,3.677855954328194e-86,down,Myofiber,-19.918549
H3-3B,-1.5911373,2.914993369978165e-88,3.7843196185410086e-86,down,Myofiber,-19.916716
DNAJB1,-1.993242,1.2546638745170312e-87,1.6158063241580135e-85,down,Myofiber,-19.84348
ACTN1,-1.833461,2.7642562843637802e-87,3.531666481403819e-85,down,Myofiber,-19.803734
ADIRF,-2.6820707,6.6463722160739865e-87,8.424669286169999e-85,down,Myofiber,-19.759497
TLN1,-1.8117197,7.4078901643255435e-87,9.316579364477544e-85,down,Myofiber,-19.75402
OST4,-1.6568485,1.9301041466712164e-86,2.4085904304738948e-84,down,Myofiber,-19.705608
MYADM,-2.205606,2.383327167564528e-86,2.95129236488106e-84,down,Myofiber,-19.69493
IGFBP5,-1.8776194,5.1196494827626606e-86,6.2913066697338425e-84,down,Myofiber,-19.656168
RPL28,-1.7298667,6.584685246512344e-85,8.030322961996644e-83,down,Myofiber,-19.526129
EPS8,-1.8754153,8.841652006216295e-85,1.0701722856847365e-82,down,Myofiber,-19.511068
COX7B,-1.5211687,6.472573699765434e-84,7.775782941703277e-82,down,Myofiber,-19.409039
IGFBP6,-2.4996905,7.048566878489857e-84,8.405024415550347e-82,down,Myofiber,-19.404657
NDUFA1,-1.5385946,7.870241441290978e-84,9.315819611904571e-82,down,Myofiber,-19.39899
RPS11,-1.7561209,8.10850266308929e-84,9.52778655988404e-82,down,Myofiber,-19.397457
MZT2B,-1.7492764,1.2686405053160593e-83,1.479896728592603e-81,down,Myofiber,-19.374428
UQCRQ,-1.5724416,1.7871452662178165e-83,2.0697456471636263e-81,down,Myofiber,-19.35678
CAV2,-1.7979423,5.0679754001493735e-83,5.8274477136860415e-81,down,Myofiber,-19.303
ASB5,2.8628411,8.491377706175209e-83,9.694623993901315e-81,up,Myofiber,19.276316
RPL38,-1.7828879,9.656556276460584e-83,1.0947270629469187e-80,down,Myofiber,-19.26966
AXL,-1.9977605,9.7928953232417e-83,1.102419782612202e-80,down,Myofiber,-19.268936
RPL37,-1.7580228,1.132019775515043e-82,1.2655037740445251e-80,down,Myofiber,-19.261433
RERGL,-1.8926408,1.492550941621508e-82,1.657040348842968e-80,down,Myofiber,-19.247112
CKB,-1.8457357,3.681468583430397e-82,4.059197346305653e-80,down,Myofiber,-19.200274
SKP1,-1.3615489,7.5153377673843e-82,8.230061726486562e-80,down,Myofiber,-19.16317
FIS1,-1.6610094,9.892361054956347e-82,1.0759947855586979e-79,down,Myofiber,-19.148863
MT1E,-1.924909,1.2677680043322284e-81,1.369699955284578e-79,down,Myofiber,-19.135939
RPS21,-1.6097544,1.9160524604237118e-81,2.0563075005267284e-79,down,Myofiber,-19.1144
SELENOW,-1.5035092,4.012973171603554e-81,4.278201464667153e-79,down,Myofiber,-19.075792
CRIP2,-1.7530015,5.019737604341275e-81,5.3162984180714375e-79,down,Myofiber,-19.064085
LAPTM4A,-1.5002749,5.163647094096082e-81,5.432966726846975e-79,down,Myofiber,-19.062607
RABAC1,-1.6573584,5.234397008523977e-81,5.471644353455779e-79,down,Myofiber,-19.061895
NEB,2.7025158,5.391492646965578e-81,5.599499911667863e-79,up,Myofiber,19.060349
SOD3,-1.759247,6.486873938970856e-81,6.693954914714928e-79,down,Myofiber,-19.050669
ISYNA1,-1.8080866,1.0714532664999455e-80,1.0986149480328742e-78,down,Myofiber,-19.024382
COPS9,-1.7425979,1.2304966283667242e-80,1.253704729332122e-78,down,Myofiber,-19.017124
NDUFB4,-1.547129,2.346143576680845e-80,2.3753597042395127e-78,down,Myofiber,-18.983252
JUNB,-2.0068893,2.86364521892126e-80,2.881185045887153e-78,down,Myofiber,-18.972778
SEPTIN7,-1.5340974,2.884607236761663e-80,2.8842489004589597e-78,down,Myofiber,-18.972395
RPS29,-1.7615883,5.754787914136477e-80,5.718554064306729e-78,down,Myofiber,-18.936058
RPS7,-1.7895485,6.955324112501555e-80,6.8691292983466275e-78,down,Myofiber,-18.926077
RPL5,-1.6913754,9.171806146251952e-80,9.002910691607558e-78,down,Myofiber,-18.911495
SAP18,-1.5024345,1.5164741857392008e-79,1.4795273601230095e-77,down,Myofiber,-18.884962
RPL19,-1.858057,1.6485020478273986e-79,1.5986497569834616e-77,down,Myofiber,-18.880554
RPL27,-1.7428421,1.6661156320841704e-79,1.606055655406645e-77,down,Myofiber,-18.879992
CRIP1,-1.7611082,2.6579458011306732e-79,2.5468816372977137e-77,down,Myofiber,-18.855307
RPL7A,-1.7253867,4.5935805274731233e-79,4.3755893095421505e-77,down,Myofiber,-18.82635
CCNI,-1.5829678,5.034976722575638e-79,4.7678267811778014e-77,down,Myofiber,-18.82149
ILK,-1.7014906,6.708615692303882e-79,6.315514351737304e-77,down,Myofiber,-18.806278
SEC61G,-1.64836,7.327897226725335e-79,6.8584005555711876e-77,down,Myofiber,-18.801596
ATP5PF,-1.450373,1.2908203840213559e-78,1.2011344821951323e-76,down,Myofiber,-18.771544
PEBP1,-1.4816558,1.8192287160410496e-78,1.6831002224614264e-76,down,Myofiber,-18.753305
TINAGL1,-1.699547,2.2934852821343027e-78,2.1097443469598852e-76,down,Myofiber,-18.740984
ATP5MC3,-1.5282189,2.807417859907863e-78,2.567830267545272e-76,down,Myofiber,-18.730223
B2M,-1.6908654,4.05345139598868e-78,3.6865796933686877e-76,down,Myofiber,-18.710657
BCAM,-1.7133368,4.475951226524649e-78,4.047969822729991e-76,down,Myofiber,-18.705372
LDHB,-1.6100246,5.830800516341192e-78,5.243811548159804e-76,down,Myofiber,-18.69127
SORBS2,-1.6064403,7.946878145919073e-78,7.107158021833621e-76,down,Myofiber,-18.674746
C4orf3,-1.6194674,9.838518185335832e-78,8.750301975002001e-76,down,Myofiber,-18.66334
PLPP3,-1.7774227,1.0775382598452272e-77,9.530885113729928e-76,down,Myofiber,-18.65848
CLMN,-2.0711706,1.1252130535064934e-77,9.898185647730891e-76,down,Myofiber,-18.656166
RPL36,-1.7227038,1.7579908836876134e-77,1.5380509372610442e-75,down,Myofiber,-18.632301
GUCY1A1,-1.8296316,1.7856402266597694e-77,1.5537965604739983e-75,down,Myofiber,-18.631466
ATP5MG,-1.464592,2.335042385593595e-77,2.0209415227572955e-75,down,Myofiber,-18.617104
PPIA,-1.4575207,3.0404042903078758e-77,2.617349105100331e-75,down,Myofiber,-18.60296
EDF1,-1.4929607,3.658777947939693e-77,3.132925925847509e-75,down,Myofiber,-18.593035
UQCRH,-1.5130566,8.150601819368969e-77,6.942242755989509e-75,down,Myofiber,-18.55003
RPL23A,-2.0203166,8.202667697661225e-77,6.949818136681601e-75,down,Myofiber,-18.549688
NTRK2,-1.7040191,1.1213240091873212e-76,9.450824031359946e-75,down,Myofiber,-18.532875
RPLP2,-1.7878702,1.2452518876963158e-76,1.04406587959038e-74,down,Myofiber,-18.527235
NDUFA13,-1.6241316,1.4992999521491732e-76,1.2505559911760306e-74,down,Myofiber,-18.517239
BRK1,-1.5902128,2.0458634949191987e-76,1.697644873258209e-74,down,Myofiber,-18.500496
RPL35A,-1.9825451,7.199622729874262e-76,5.943565472077739e-74,down,Myofiber,-18.432558
RBPMS,-1.7131094,8.618741959758748e-76,7.078801432050832e-74,down,Myofiber,-18.422825
EIF1,-1.4606519,1.1123866902087944e-75,9.089949715218868e-74,down,Myofiber,-18.40901
EEF1A1,-2.4678133,1.1521652512824976e-75,9.367452633911943e-74,down,Myofiber,-18.407106
RPL35,-1.7830352,1.6220739464790758e-75,1.3121681603226213e-73,down,Myofiber,-18.388569
CAP1,-1.6562421,2.3678915841400286e-75,1.905915936074309e-73,down,Myofiber,-18.368046
FKBP5,-2.0012782,1.65038254976464e-140,2.6567858286111176e-136,down,Myofiber_TypeI,-25.235107
ANKRD2,-1.986524,5.314101505989358e-113,4.277320302170836e-109,down,Myofiber_TypeI,-22.590992
RRAD,-1.8320403,1.0017763426559368e-94,5.375531854691755e-91,down,Myofiber_TypeI,-20.64875
PPM1L,-1.4978534,9.512039606122055e-83,3.8281203394838215e-79,down,Myofiber_TypeI,-19.270441
FOXO1,-1.5564778,2.0714480111302616e-82,6.66923401663499e-79,down,Myofiber_TypeI,-19.230122
MYOM3,-1.8826491,1.3310875594072422e-80,3.5713079218896305e-77,down,Myofiber_TypeI,-19.013004
TXNIP,1.7043645,2.0562284050449874e-80,4.728737837773458e-77,up,Myofiber_TypeI,18.99018
ACACB,-1.7537727,2.622274889140295e-80,5.276672645672559e-77,down,Myofiber_TypeI,-18.977406
PPDPFL,2.4980123,3.774848080178511e-80,6.751944932745962e-77,up,Myofiber_TypeI,18.958252
LPIN1,-2.0149298,3.4572582537433035e-79,5.56549433687597e-76,down,Myofiber_TypeI,-18.841396
UGP2,-1.6047088,6.625570069593329e-78,9.696220634573946e-75,down,Myofiber_TypeI,-18.684452
VCL,-1.8033602,2.131904795457836e-77,2.8599502831066866e-74,down,Myofiber_TypeI,-18.621979
ANK1,-2.1705582,1.3510683501152888e-73,1.6730383307812242e-70,down,Myofiber_TypeI,-18.147203
CKMT2,-1.828259,1.9575766008857484e-72,2.2509334372184843e-69,down,Myofiber_TypeI,-17.999733
MYOM2,-2.7799144,1.1976702647813e-70,1.2853397281632911e-67,down,Myofiber_TypeI,-17.770432
CST3,-1.9627112,7.3773160691898686e-68,7.422502130113658e-65,down,Myofiber_TypeI,-17.406404
CSRP3,1.6717068,1.2303291316284353e-66,1.1650493153502678e-63,up,Myofiber_TypeI,17.244518
ACSL1,-1.4636585,2.8005535831467213e-66,2.504628421194218e-63,down,Myofiber_TypeI,-17.196915
FOXO3,-1.3879308,1.2026975644797857e-65,1.019001336473452e-62,down,Myofiber_TypeI,-17.112247
PPARGC1A,-2.0411558,1.7539385151121033e-61,1.4117451108137321e-58,down,Myofiber_TypeI,-16.544508
VEGFA,-1.7517799,1.0977029953378564e-56,8.414677532832766e-54,down,Myofiber_TypeI,-15.86554
LDB3,-1.2970763,8.786176498008518e-56,6.429084966588233e-53,down,Myofiber_TypeI,-15.734417
SLC38A1,-2.2816997,4.634691437922773e-54,3.243880989899166e-51,down,Myofiber_TypeI,-15.481374
SGCD,-1.1311288,5.7419656182498405e-53,3.851423438441081e-50,down,Myofiber_TypeI,-15.3186245
TOGARAM2,-2.3098528,5.909168007241249e-51,3.8050314632227833e-48,down,Myofiber_TypeI,-15.014402
KCNMA1,-1.5087042,5.971253046577172e-50,3.697124290146128e-47,down,Myofiber_TypeI,-14.860238
ABCC9,-1.6720998,1.1573837254215825e-49,6.900578967346902e-47,down,Myofiber_TypeI,-14.815837
ASPH,-1.1875398,2.1435476475329846e-48,1.2323867867852138e-45,down,Myofiber_TypeI,-14.618408
ZNF385B,-1.2847463,3.49199003000139e-47,1.9384157069987032e-44,down,Myofiber_TypeI,-14.427154
REV3L,-1.2753286,2.4688858069628512e-46,1.324804124016266e-43,down,Myofiber_TypeI,-14.291595
GBE1,-0.9313235,1.129665175536666e-44,5.866241934125564e-42,down,Myofiber_TypeI,-14.0228615
SLC19A2,-1.3574361,3.046375656963584e-44,1.5325173539312428e-41,down,Myofiber_TypeI,-13.952296
RORA,-0.9705391,3.474417871910102e-44,1.6948842091517823e-41,down,Myofiber_TypeI,-13.942918
PDE7A,-1.0142652,7.711446133545902e-43,3.6511429369947614e-40,down,Myofiber_TypeI,-13.719954
POR,-2.1581485,1.5217142503456956e-42,6.999016000590002e-40,down,Myofiber_TypeI,-13.670583
FOSL2,-1.8645837,2.362930751394123e-41,1.056623867665072e-38,down,Myofiber_TypeI,-13.469553
UBC,1.1602625,1.2187184317292734e-40,5.302413328102119e-38,up,Myofiber_TypeI,13.3478775
EGLN1,-1.3388587,1.463631850329321e-40,6.200406717526687e-38,down,Myofiber_TypeI,-13.334228
PALMD,-1.7536677,5.941919084032469e-40,2.452641369609094e-37,down,Myofiber_TypeI,-13.229324
BIN1,-1.0769112,1.4904914887395327e-39,5.9984829964322494e-37,down,Myofiber_TypeI,-13.160019
GADD45G,-1.5781748,1.0712729349293291e-38,4.206183343046912e-36,down,Myofiber_TypeI,-13.010153
GLUL,-1.2637873,1.2016015275986063e-38,4.6055669979243725e-36,down,Myofiber_TypeI,-13.001377
TPM3,0.7437351,1.7834284440610726e-38,6.676658393603522e-36,up,Myofiber_TypeI,12.971147
RASGEF1B,-0.9522912,3.5002748111596367e-37,1.280623270682905e-34,down,Myofiber_TypeI,-12.740968
ENTREP1,-2.8653688,3.590485510423304e-37,1.2844363499287634e-34,down,Myofiber_TypeI,-12.738982
MTUS1,-1.1898898,4.7034637658606096e-37,1.6460078196266104e-34,down,Myofiber_TypeI,-12.717897
CPED1,-0.98373264,5.0731574838111176e-37,1.7376104079657738e-34,down,Myofiber_TypeI,-12.711983
AKR1C1,-2.2937157,6.788707161697784e-37,2.2767626643543943e-34,down,Myofiber_TypeI,-12.689187
CASQ2,-1.2454754,4.097894026464482e-36,1.3462836334290865e-33,down,Myofiber_TypeI,-12.54759
SRL,-1.1830713,1.3107826899347167e-34,4.220195948513813e-32,down,Myofiber_TypeI,-12.270108
PMP22,-2.188822,2.1111648786461465e-34,6.663829846361892e-32,down,Myofiber_TypeI,-12.231458
STON2,-1.6417516,4.165111435757507e-34,1.2894223825543143e-31,down,Myofiber_TypeI,-12.176145
WDPCP,-1.0556816,5.046043897118965e-34,1.5326644274683226e-31,down,Myofiber_TypeI,-12.160481
USP13,1.056785,6.171430960443329e-34,1.8397721407632726e-31,up,Myofiber_TypeI,12.144025
PPP2R3B,-2.2043045,1.851215686495376e-33,5.418340022036829e-31,down,Myofiber_TypeI,-12.05384
PRKAG2,-2.8822496,2.606625365533952e-33,7.493116988279563e-31,down,Myofiber_TypeI,-12.025608
PTPRG,-1.2398803,4.8447223325483797e-33,1.3682515808660318e-30,down,Myofiber_TypeI,-11.974306
EGR1,2.225583,5.904282496242266e-33,1.6387437866294484e-30,up,Myofiber_TypeI,11.9578905
ZFP36L1,-1.8257121,1.6645994151149426e-32,4.5418171838170086e-30,down,Myofiber_TypeI,-11.871498
RCAN2,-1.1682923,1.8360050393701024e-32,4.926001520629985e-30,down,Myofiber_TypeI,-11.8632965
ANKRD28,-1.3592651,2.601820001278684e-32,6.866245636161352e-30,down,Myofiber_TypeI,-11.83408
SLC1A3,-1.3529398,4.143992709892343e-31,1.0759676555459183e-28,down,Myofiber_TypeI,-11.59952
EYA4,-0.85313255,4.608226731558549e-31,1.1775116495972939e-28,down,Myofiber_TypeI,-11.590428
HDAC4,-0.94467676,3.294778947208927e-30,8.287398670651456e-28,down,Myofiber_TypeI,-11.420724
CD99,-1.730621,7.068581172698718e-30,1.7506156879708304e-27,down,Myofiber_TypeI,-11.3541975
SSBP2,-1.0001671,2.126850081653352e-29,5.1875806991599466e-27,down,Myofiber_TypeI,-11.257509
TBC1D1,-2.3801463,2.376191509223875e-29,5.709243420221782e-27,down,Myofiber_TypeI,-11.247734
ST3GAL1,-1.5766035,7.780386869601263e-29,1.841892173924135e-26,down,Myofiber_TypeI,-11.1426115
FHIT,-1.0995481,1.298166720727074e-28,3.0286794014876006e-26,down,Myofiber_TypeI,-11.096937
AUTS2,-1.2044685,1.348412119576557e-28,3.100962614420488e-26,down,Myofiber_TypeI,-11.093542
CADM2,-1.2016097,2.976386332880815e-28,6.748431998128923e-26,down,Myofiber_TypeI,-11.022511
ARPP21,-0.9030703,9.741363861239176e-28,2.178006603308726e-25,down,Myofiber_TypeI,-10.915294
MYH9,2.903329,1.1141902953561687e-27,2.4570185444717267e-25,up,Myofiber_TypeI,10.903081
PDE4D,-0.57161015,1.1884870060496208e-27,2.5854410572144317e-25,down,Myofiber_TypeI,-10.897207
SOX6,-0.88445437,1.3984177016579892e-27,3.001563754838708e-25,down,Myofiber_TypeI,-10.882394
PPTC7,-1.2551581,3.8422883300040026e-27,8.138573360053217e-25,down,Myofiber_TypeI,-10.789895
MT2A,-1.065569,4.0951891704480146e-27,8.561604579983395e-25,down,Myofiber_TypeI,-10.784035
FSD2,-1.256083,5.813867072050435e-27,1.199892719562409e-24,down,Myofiber_TypeI,-10.751764
LIFR,-1.5885488,7.285136858849496e-27,1.4845080146045467e-24,down,Myofiber_TypeI,-10.73094
MYF6,0.7749125,1.2388102829116994e-26,2.4927959917890674e-24,up,Myofiber_TypeI,10.681774
ANO5,-1.1467386,1.4396006658230057e-26,2.861073026965277e-24,down,Myofiber_TypeI,-10.667823
ZFHX3,-0.90650946,2.483789967490688e-26,4.876103767885987e-24,down,Myofiber_TypeI,-10.617014
PRDX6,-1.1183919,3.2024208343817996e-26,6.211153083358821e-24,down,Myofiber_TypeI,-10.59326
NAMPT,-1.9377245,3.538294397320397e-26,6.780888477150447e-24,down,Myofiber_TypeI,-10.583922
DHCR24,-2.8483346,6.905795993609829e-26,1.3078765165309536e-23,down,Myofiber_TypeI,-10.521106
FMN1,-3.5145597,7.056948367422101e-26,1.32096226533443e-23,down,Myofiber_TypeI,-10.519066
FHOD3,-1.4374456,9.601500614322734e-26,1.776608699877786e-23,down,Myofiber_TypeI,-10.490013
ASB5,0.79609734,1.301871666809704e-25,2.3815375104889335e-23,up,Myofiber_TypeI,10.461206
PXN,-1.3897007,1.5672930760489283e-25,2.834863363846702e-23,down,Myofiber_TypeI,-10.443613
MKNK2,-1.2886397,1.5994997541872308e-25,2.8609718936562265e-23,down,Myofiber_TypeI,-10.441683
JPH2,-1.2586218,2.186437863287593e-25,3.86783260694546e-23,down,Myofiber_TypeI,-10.411972
ZBTB38,-1.2991936,3.1701560910556014e-25,5.547083994979682e-23,down,Myofiber_TypeI,-10.376553
BNC2,-1.3194252,5.467359710733234e-25,9.463823292836948e-23,down,Myofiber_TypeI,-10.324375
ANK3,-1.2760472,5.937098353980052e-25,1.0167596734294778e-22,down,Myofiber_TypeI,-10.316462
HIPK3,1.2530893,7.529864621027538e-25,1.2759553754663296e-22,up,Myofiber_TypeI,10.293611
BICC1,-1.1404747,8.831747427641274e-25,1.4809736467725962e-22,down,Myofiber_TypeI,-10.278249
NRAP,0.9856417,9.350542690776224e-25,1.5518044972795428e-22,up,Myofiber_TypeI,10.272745
AGL,-1.0692955,1.0387187647717181e-24,1.7062545587035834e-22,down,Myofiber_TypeI,-10.2626
PAM,0.6342005,1.308346713055418e-24,2.127451049168295e-22,up,Myofiber_TypeI,10.240296
HADHB,-0.91726357,1.8531672559824882e-24,2.9832286486806094e-22,down,Myofiber_TypeI,-10.206561
PPP1R27,0.6867075,2.579484156735357e-24,4.111340193576809e-22,up,Myofiber_TypeI,10.174414
MAP3K20,0.6098698,7.373324200119152e-24,1.1636840487599817e-21,up,Myofiber_TypeI,10.071647
SLMAP,0.75848895,7.587830673050805e-24,1.1859116327647753e-21,up,Myofiber_TypeI,10.068826
TBC1D8,-0.84704244,1.6484284111022452e-23,2.551576977108072e-21,down,Myofiber_TypeI,-9.992223
ATP2A2,-0.7512229,3.091587510935112e-23,4.73984530962223e-21,down,Myofiber_TypeI,-9.9297085
KANK1,-1.3138658,4.7659626869494667e-23,7.237968616463444e-21,down,Myofiber_TypeI,-9.886457
STAC3,-0.85023403,5.419848748471792e-23,8.154086462887749e-21,down,Myofiber_TypeI,-9.873573
USP54,-0.8042433,1.2368936475101014e-22,1.8436586979275568e-20,down,Myofiber_TypeI,-9.790495
EPS15L1,-1.0892457,1.4369601411527538e-22,2.1222187479153242e-20,down,Myofiber_TypeI,-9.775325
RERE,-0.71360165,2.4011069754874646e-22,3.513910917399746e-20,down,Myofiber_TypeI,-9.723202
CCSER2,1.0029236,3.5940337924593343e-22,5.212320359550483e-20,up,Myofiber_TypeI,9.682059
PHC2,-1.1634693,3.7594419896735623e-22,5.4035265312290175e-20,down,Myofiber_TypeI,-9.677459
PDLIM1,-1.0078616,5.284634492301512e-22,7.528499651068118e-20,down,Myofiber_TypeI,-9.642573
LINGO1,-0.7040838,5.521698695917278e-22,7.797219790076872e-20,down,Myofiber_TypeI,-9.638069
KAT6B,0.9827156,6.057630811404914e-22,8.4796296349562e-20,up,Myofiber_TypeI,9.628553
DIO2,-4.075196,1.0946019502321685e-21,1.5190432926584005e-19,down,Myofiber_TypeI,-9.567558
IFRD1,0.97152114,1.622288655137386e-21,2.232102800889029e-19,up,Myofiber_TypeI,9.526786
SMG1,-0.7801683,1.7232325724337817e-21,2.350898131443985e-19,down,Myofiber_TypeI,-9.5205145
PPP2R3A,1.1070355,1.7472364369282024e-21,2.3636144673672443e-19,up,Myofiber_TypeI,9.519077
MAT2A,-1.130363,1.8509860018603808e-21,2.483097721495701e-19,down,Myofiber_TypeI,-9.513081
PBX1,-0.81132364,4.1293074466242325e-21,5.4936852294013965e-19,down,Myofiber_TypeI,-9.4292755
GLRX,-1.2622229,5.195532139056741e-21,6.855547243814381e-19,down,Myofiber_TypeI,-9.405151
ZNF385D,-1.5987332,6.432268145888854e-21,8.418427041668195e-19,down,Myofiber_TypeI,-9.38267
SMAD3,-1.0797263,7.63009951062757e-21,9.905592090490537e-19,down,Myofiber_TypeI,-9.364653
ATP1A1,-1.8498764,7.891627364813882e-21,1.0163153385501909e-18,down,Myofiber_TypeI,-9.361093
CFLAR,-0.72058976,9.821328929286816e-21,1.2547916912988825e-18,down,Myofiber_TypeI,-9.3379545
DNAJA4,1.9432534,1.4834097470339027e-20,1.8752475416615445e-18,up,Myofiber_TypeI,9.294183
FHIP1A,0.76376635,1.491065258620187e-20,1.8752475416615445e-18,up,Myofiber_TypeI,9.293635
SORT1,-0.8937642,1.5088215055974972e-20,1.8828688834967832e-18,down,Myofiber_TypeI,-9.292376
HDAC9,1.4575906,2.2217316257880343e-20,2.7511873624565988e-18,up,Myofiber_TypeI,9.25111
RBM24,-0.72273207,2.3957828242391467e-20,2.944069611038304e-18,down,Myofiber_TypeI,-9.243046
RICTOR,0.7976852,2.8103456377004403e-20,3.422936603174972e-18,up,Myofiber_TypeI,9.225959
SSPN,-1.700693,2.8279945845587724e-20,3.422936603174972e-18,down,Myofiber_TypeI,-9.225288
SRSF5,0.8520946,2.8878654150575423e-20,3.4693177202683813e-18,up,Myofiber_TypeI,9.2230425
PSMD8,-1.0046446,3.721300985815852e-20,4.437444686641748e-18,down,Myofiber_TypeI,-9.195825
CLIC5,-0.89869463,4.5387635821705735e-20,5.37242765777808e-18,down,Myofiber_TypeI,-9.174452
RRAS2,1.5195311,4.5950493844236647e-20,5.399350729230084e-18,up,Myofiber_TypeI,9.173124
RUNX1,-1.0690982,4.678693696794218e-20,5.457797908042996e-18,down,Myofiber_TypeI,-9.17118
VWA8,-0.8134486,5.066383714182192e-20,5.867528419489563e-18,down,Myofiber_TypeI,-9.162596
STIM1,-0.89276075,9.19991907704628e-20,1.0578592664449357e-17,down,Myofiber_TypeI,-9.098013
PDLIM3,-0.57843274,9.597780418935012e-20,1.0957806325107505e-17,down,Myofiber_TypeI,-9.093413
RIC1,-1.0827345,1.209000564919475e-19,1.3705979643713881e-17,down,Myofiber_TypeI,-9.06829
CSNK1A1,0.8185671,1.2466286154891813e-19,1.4033725491010377e-17,up,Myofiber_TypeI,9.064949
RPS6KA2,-1.9605929,1.855905431384259e-19,2.0747476135016528e-17,down,Myofiber_TypeI,-9.021465
KHDRBS3,-1.5717305,2.759173117396128e-19,3.063253023713301e-17,down,Myofiber_TypeI,-8.977926
RAPGEF1,-1.4307969,3.2014121697701e-19,3.5298858293807585e-17,down,Myofiber_TypeI,-8.961552
RAB11FIP3,-1.44332,4.535012899713579e-19,4.9663018816047066e-17,down,Myofiber_TypeI,-8.923079
ABHD2,-0.8634161,4.571612084450998e-19,4.972554819965684e-17,down,Myofiber_TypeI,-8.922189
ANK2,-1.1806824,6.118390615582876e-19,6.610325646285443e-17,down,Myofiber_TypeI,-8.889864
PRKAA2,0.99671555,7.458217970875146e-19,8.003118540835227e-17,up,Myofiber_TypeI,8.867834
DGLUCY,-1.3459029,7.506962974693252e-19,8.003118540835227e-17,down,Myofiber_TypeI,-8.867108
RHOBTB3,-1.2142076,8.391623196729413e-19,8.88739146190461e-17,down,Myofiber_TypeI,-8.854691
PDLIM5,-0.5089108,9.261430270470599e-19,9.74447741791083e-17,down,Myofiber_TypeI,-8.843683
SLC2A4,-0.92717326,1.0272863105498106e-18,1.0738477290409644e-16,down,Myofiber_TypeI,-8.8321
CSDE1,0.7727149,1.1015069526519051e-18,1.144003801534862e-16,up,Myofiber_TypeI,8.824296
AFF1,-0.7311023,1.3336236144763554e-18,1.3761969837077155e-16,down,Myofiber_TypeI,-8.802869
CEBPD,-1.0694629,1.4688766694040409e-18,1.506113160768551e-16,down,Myofiber_TypeI,-8.792026
TNS1,-1.3844837,1.675168605625305e-18,1.706763557807352e-16,down,Myofiber_TypeI,-8.777252
FAM110B,-1.773787,2.302780062686188e-18,2.331456191768695e-16,down,Myofiber_TypeI,-8.741381
ATP1A2,-0.69471645,2.539566978065675e-18,2.555121825806326e-16,down,Myofiber_TypeI,-8.730318
CHD9,-0.77332,2.750691909496539e-18,2.7503502086382166e-16,down,Myofiber_TypeI,-8.721282
DPF3,-0.9033623,3.639799315819488e-18,3.616882060868031e-16,down,Myofiber_TypeI,-8.689518
HADHA,-0.99182016,3.782408859602556e-18,3.735534835698279e-16,down,Myofiber_TypeI,-8.68515
SLC26A3,-0.95500565,4.30948573052909e-18,4.2301281274425173e-16,down,Myofiber_TypeI,-8.670309
GTF2IRD1,-0.82289773,5.643070982071092e-18,5.505585252689726e-16,down,Myofiber_TypeI,-8.639559
JUN,0.95517987,6.351001589534167e-18,6.158941180019338e-16,up,Myofiber_TypeI,8.626045
COL19A1,-0.9381547,6.950235529771132e-18,6.699694105284771e-16,down,Myofiber_TypeI,-8.615722
KTN1,0.54906446,7.933376967965576e-18,7.601875144661301e-16,up,Myofiber_TypeI,8.600552
RHOB,-1.8130406,1.097756117052702e-17,1.0456614184801416e-15,down,Myofiber_TypeI,-8.563202
SLC25A12,-0.9835513,1.2143162343666144e-17,1.1498860435784564e-15,down,Myofiber_TypeI,-8.551564
FOCAD,-1.0371487,1.5242694426096768e-17,1.4349526015865836e-15,down,Myofiber_TypeI,-8.5252905
MYOM1,-0.6722452,1.6230380080657438e-17,1.5190503403396713e-15,down,Myofiber_TypeI,-8.518021
MAGI2,-1.3302917,1.7163199184068132e-17,1.5970704073128832e-15,down,Myofiber_TypeI,-8.511544
BABAM2,-0.81455594,1.840553008679605e-17,1.7028288697542697e-15,down,Myofiber_TypeI,-8.503439
UBE2E2,-0.6019284,1.990003091656583e-17,1.830575415399296e-15,down,Myofiber_TypeI,-8.494375
GAS2,-1.1163348,2.0121727373305602e-17,1.8404520866788267e-15,down,Myofiber_TypeI,-8.493089
PRRX1,-0.8462618,2.6854997726562776e-17,2.442439284758235e-15,down,Myofiber_TypeI,-8.45949
FOS,1.2330222,2.809955572741384e-17,2.541273303932068e-15,up,Myofiber_TypeI,8.454205
NR4A3,-2.2574964,3.74147163432468e-17,3.3648162217518818e-15,down,Myofiber_TypeI,-8.42073
PLIN2,-0.994118,3.918190267784613e-17,3.504168162822039e-15,down,Myofiber_TypeI,-8.415321
ESRRG,-0.88335514,4.12908122863637e-17,3.672372907104325e-15,down,Myofiber_TypeI,-8.409174
MLXIP,-0.79478633,5.709690124640755e-17,5.050252287168509e-15,down,Myofiber_TypeI,-8.371071
MAP3K7CL,2.5736794,6.350472767884773e-17,5.5863339135196215e-15,up,Myofiber_TypeI,8.35853
NFIA,-0.7242808,7.352556986050651e-17,6.432688171817575e-15,down,Myofiber_TypeI,-8.341224
MYBPC1,-0.5601486,9.141015728966492e-17,7.954166011075815e-15,down,Myofiber_TypeI,-8.315443
CNST,-1.2606803,1.3865169888490235e-16,1.2000080906715906e-14,down,Myofiber_TypeI,-8.265894
SLC22A5,-0.91932315,1.6908072244652378e-16,1.4555408930182566e-14,down,Myofiber_TypeI,-8.242194
GADD45B,-2.6043174,2.0329318124786223e-16,1.7407519317702585e-14,down,Myofiber_TypeI,-8.220124
SCN4A,-0.98746514,2.3634645639431227e-16,2.0130715635109203e-14,down,Myofiber_TypeI,-8.202038
ANKRD9,-1.8477724,2.597088278074356e-16,2.2004172158126832e-14,down,Myofiber_TypeI,-8.1907015
KLHL41,0.74056643,3.027369870744273e-16,2.5515497476042573e-14,up,Myofiber_TypeI,8.172232
SPEG,-1.1066754,3.6097939248231183e-16,3.0265865938438834e-14,down,Myofiber_TypeI,-8.150983
ATP11B,1.2487364,3.958975506401328e-16,3.3021548032149515e-14,up,Myofiber_TypeI,8.139811
FEZ2,-0.7105109,4.4180505554925912e-16,3.666071022799986e-14,down,Myofiber_TypeI,-8.126516
MYPN,0.39662564,4.497049910953158e-16,3.7124876649499453e-14,up,Myofiber_TypeI,8.124367
ACOT11,-1.7297657,5.1596785548392275e-16,4.237780886520504e-14,down,Myofiber_TypeI,-8.1076765
TMEM182,-1.1473821,5.381627941765429e-16,4.3887459607524565e-14,down,Myofiber_TypeI,-8.102556
MSI2,-0.6342143,5.398010313262432e-16,4.3887459607524565e-14,down,Myofiber_TypeI,-8.102186
ACSS3,-1.0094756,5.672651278705338e-16,4.572598903362575e-14,down,Myofiber_TypeI,-8.0961485
MYL12A,0.7606464,5.680952793343987e-16,4.572598903362575e-14,up,Myofiber_TypeI,8.095971
FKBP5,-2.276277,8.188976184835636e-161,1.3182613862348408e-156,down,Myofiber_TypeII,-27.021828
VCL,-2.1110806,6.5214975865075575e-111,5.249153407379932e-107,down,Myofiber_TypeII,-22.37749
ACACB,-2.3656943,6.154732874176773e-108,3.3026296602832573e-104,down,Myofiber_TypeII,-22.069885
MYOM2,-2.7365582,8.720417780326753e-105,3.5095321356925016e-101,down,Myofiber_TypeII,-21.739307
LPIN1,-2.2128634,6.172614196114062e-100,1.987334866580884e-96,down,Myofiber_TypeII,-21.22053
PTPRG,-2.125508,2.110610028061536e-96,5.6627667052890996e-93,down,Myofiber_TypeII,-20.83442
PDE7A,-1.7632271,2.145674258474325e-84,4.934437744702812e-81,down,Myofiber_TypeII,-19.465694
ACSL1,-1.918044,4.431147524654964e-80,8.916576606486949e-77,down,Myofiber_TypeII,-18.949818
WDPCP,-1.8331494,2.0432035622725567e-78,3.654610105051514e-75,down,Myofiber_TypeII,-18.747131
ANKRD2,-2.0781517,8.978475296178414e-72,1.4453549531788007e-68,down,Myofiber_TypeII,-17.915176
SLC38A1,-2.878748,2.537597799381416e-70,3.713659034040185e-67,down,Myofiber_TypeII,-17.728262
RORA,-1.1433834,2.0791388818772265e-69,2.7891648100383e-66,down,Myofiber_TypeII,-17.609598
RCAN2,-2.8193777,3.502414142826406e-66,4.3370663747091913e-63,down,Myofiber_TypeII,-17.183949
MYBPC1,-1.3141329,1.4845067986370253e-64,1.7069707460327736e-61,down,Myofiber_TypeII,-16.965256
LDB3,-1.50178,1.866653992855834e-61,2.003293065132881e-58,down,Myofiber_TypeII,-16.540756
BCL6,-1.1130301,4.7198292277206395e-60,4.748738181740428e-57,down,Myofiber_TypeII,-16.345024
UGP2,-1.6870588,5.96388503716042e-60,5.647448313424025e-57,down,Myofiber_TypeII,-16.330757
ZBTB16,-1.229644,4.191863924743904e-57,3.7489236366959645e-54,down,Myofiber_TypeII,-15.925863
TBC1D1,-2.3863707,3.129516561872586e-56,2.6515240848960467e-53,down,Myofiber_TypeII,-15.799629
ANK1,-2.5789235,4.0633535169364796e-56,3.270593245782172e-53,down,Myofiber_TypeII,-15.783158
KCNQ5,0.9111427,1.8877351993466995e-52,1.4470838685277698e-49,up,Myofiber_TypeII,15.241063
PPM1L,-1.3859262,2.515073190961442e-52,1.840347646731695e-49,down,Myofiber_TypeII,-15.222306
RASGEF1B,-1.3576002,6.067020611592869e-52,4.246386861105305e-49,down,Myofiber_TypeII,-15.164597
RHOB,-2.40594,8.430756164224519e-52,5.654929697153596e-49,down,Myofiber_TypeII,-15.142979
CST3,-1.663098,1.6585155654882929e-49,1.0679513429292216e-46,down,Myofiber_TypeII,-14.791644
GADD45G,-1.7910132,4.640778382946358e-47,2.8733557849488644e-44,down,Myofiber_TypeII,-14.40752
SLC19A2,-1.4871429,3.870337258276572e-46,2.3075810808791205e-43,down,Myofiber_TypeII,-14.260256
SORT1,-1.4412409,4.311214389930055e-46,2.4786403303247872e-43,down,Myofiber_TypeII,-14.252726
KIAA1217,-1.3445652,5.935734836422307e-46,3.2949468757491832e-43,down,Myofiber_TypeII,-14.230381
PPARGC1A,-2.19544,6.8033039573722174e-46,3.650652903525932e-43,down,Myofiber_TypeII,-14.220839
ROBO1,-1.9725132,1.1657243960744058e-45,6.05349397677606e-43,down,Myofiber_TypeII,-14.1831045
ASPH,-1.2504529,3.381657825931016e-45,1.701185240057422e-42,down,Myofiber_TypeII,-14.108186
ARID5B,-1.2225603,1.3263068693071678e-44,6.469966055183875e-42,down,Myofiber_TypeII,-14.01147
TBC1D8,-1.6216358,2.1028807566922426e-43,9.956521888597566e-41,down,Myofiber_TypeII,-13.813849
SGCD,-1.2642751,6.5985875325470025e-43,3.034973202826904e-40,down,Myofiber_TypeII,-13.731249
VEGFA,-1.7593671,1.4871783599687337e-42,6.520546277197117e-40,down,Myofiber_TypeII,-13.672254
FOXO3,-1.1974468,1.4986968086488588e-42,6.520546277197117e-40,down,Myofiber_TypeII,-13.671692
FBXO32,-1.0080079,9.813203464377662e-42,4.157182878146095e-39,down,Myofiber_TypeII,-13.534286
HDAC4,-1.2803595,3.1176680274523776e-41,1.286877433485343e-38,down,Myofiber_TypeII,-13.44907
ZFP36L1,-2.1539662,2.1370602747527647e-40,8.600599075742502e-38,down,Myofiber_TypeII,-13.305968
SIMC1,-2.0973413,7.436811405774875e-39,2.9199460978088772e-36,down,Myofiber_TypeII,-13.038015
NPAS2,-2.037954,8.295815513968461e-39,3.1796675748539126e-36,down,Myofiber_TypeII,-13.029677
PPP1R12B,-1.1725049,9.633271903581273e-38,3.6064281652058445e-35,down,Myofiber_TypeII,-12.841229
OBSCN,-0.97923094,1.0764556547389237e-37,3.938359802269817e-35,down,Myofiber_TypeII,-12.832631
NRAP,1.360393,2.03399190979732e-37,7.276267058648276e-35,up,Myofiber_TypeII,12.783246
FOXO1,-1.0874735,2.2837514554359128e-37,7.992137158610288e-35,down,Myofiber_TypeII,-12.774238
LPP,-1.1126096,3.0657239606870617e-37,1.0500430706200067e-34,down,Myofiber_TypeII,-12.751305
TUT4,-1.3354005,1.25634102386369e-36,4.213453708782851e-34,down,Myofiber_TypeII,-12.640883
CFLAR,-1.3850616,2.3672024159896973e-36,7.776984590326968e-34,down,Myofiber_TypeII,-12.590979
SH3RF2,-1.8183621,3.21030664829863e-36,1.0335903284862268e-33,down,Myofiber_TypeII,-12.566909
EYA4,-1.0510463,3.645146988402981e-36,1.1505799258688466e-33,down,Myofiber_TypeII,-12.55686
NRG2,-1.5418625,3.9838502020854703e-35,1.233308087560998e-32,down,Myofiber_TypeII,-12.366167
ANKS1B,-1.7752544,6.90342270655666e-35,2.0968169571726247e-32,down,Myofiber_TypeII,-12.321917
EEPD1,-1.3706781,3.086568588014539e-34,9.201403912936675e-32,down,Myofiber_TypeII,-12.20057
CD99,-1.7215884,3.370782663083357e-34,9.865974420057432e-32,down,Myofiber_TypeII,-12.193396
MYOM1,-1.2163709,8.013697485543544e-34,2.3036518236121427e-31,down,Myofiber_TypeII,-12.122639
ZFHX3,-1.1235634,3.294046781773952e-32,9.303081595262646e-30,down,Myofiber_TypeII,-11.814268
SPEG,-1.8860813,1.1619501796240627e-31,3.2250127571703735e-29,down,Myofiber_TypeII,-11.707846
CPED1,-1.2516677,1.9519723504578839e-31,5.325906931808646e-29,down,Myofiber_TypeII,-11.663773
SPATS2L,-2.0759437,3.124680048528036e-31,8.38351657020072e-29,down,Myofiber_TypeII,-11.623657
FSD2,-1.8504186,4.820676420338939e-31,1.272184410075676e-28,down,Myofiber_TypeII,-11.586567
GLUL,-1.156546,6.2117503058271365e-31,1.6128509100516975e-28,down,Myofiber_TypeII,-11.564825
ASB5,0.8094631,7.270197081352949e-31,1.8577084542161862e-28,up,Myofiber_TypeII,11.551312
TNNC2,0.95546067,1.8948783167186225e-30,4.7662111160213095e-28,up,Myofiber_TypeII,11.4686985
NFIA,-1.2373759,2.2338760630340547e-30,5.5324518250341875e-28,down,Myofiber_TypeII,-11.454446
RERE,-1.0477414,2.3235021463940463e-30,5.667232962522931e-28,down,Myofiber_TypeII,-11.451036
UBC,1.1157202,8.958499433004588e-30,2.152446624962804e-27,up,Myofiber_TypeII,11.333469
GHR,-1.119645,3.713592000819701e-29,8.791382945469934e-27,down,Myofiber_TypeII,-11.208275
PPP2R3B,-2.6078568,6.69244253806211e-29,1.561375941706143e-26,down,Myofiber_TypeII,-11.156015
AFF1,-0.9496752,1.2300243013202014e-28,2.8287044575218e-26,down,Myofiber_TypeII,-11.101756
ETS2,1.9044198,3.233600372818881e-28,7.331619549526527e-26,up,Myofiber_TypeII,11.015049
PDLIM3,-0.59760016,3.5052556905871525e-27,7.837167514871108e-25,down,Myofiber_TypeII,-10.798328
CKMT2,-1.5507661,4.050915720733292e-27,8.933101544159524e-25,down,Myofiber_TypeII,-10.785034
EPS15L1,-1.4233295,4.1135225441202406e-27,8.948579177736167e-25,down,Myofiber_TypeII,-10.783625
EEF2K,-1.7058967,1.2689538591004663e-26,2.723682563173241e-24,down,Myofiber_TypeII,-10.679543
MT1X,-1.0728467,1.6787764197841736e-26,3.5559135270638994e-24,down,Myofiber_TypeII,-10.653529
EGR1,2.1398325,1.7672071035023355e-26,3.694610383400078e-24,up,Myofiber_TypeII,10.64875
AKAP6,0.85226876,2.89393878235044e-26,5.9726444254201774e-24,up,Myofiber_TypeII,10.602734
TSC22D3,-1.3690121,3.2989472830983835e-26,6.722335868774403e-24,down,Myofiber_TypeII,-10.59048
NEDD4,-0.9241184,4.9189689873452245e-26,9.898195344785428e-24,down,Myofiber_TypeII,-10.5530205
MAP3K20,0.70331776,8.069122972966495e-26,1.6036634767754898e-23,up,Myofiber_TypeII,10.506429
PMP22,-1.5828884,1.0979409979569931e-25,2.155445632330692e-23,down,Myofiber_TypeII,-10.477335
PPP3CC,-1.1675929,1.3901242813986383e-25,2.6961711665006363e-23,down,Myofiber_TypeII,-10.45499
KLHL29,-1.0711688,1.7673243160851198e-25,3.386950814325984e-23,down,Myofiber_TypeII,-10.432208
STAC3,-1.0305078,1.394940898962222e-24,2.6418539519404532e-22,down,Myofiber_TypeII,-10.234095
SMG1,-0.96219426,1.5117936439878123e-24,2.8298667535948607e-22,down,Myofiber_TypeII,-10.226304
EGLN1,-1.3271769,4.5266930542754425e-24,8.375943079048974e-22,down,Myofiber_TypeII,-10.119512
BIN1,-0.8830434,2.685088781030823e-23,4.911881726935704e-21,down,Myofiber_TypeII,-9.943755
BNC2,-1.2672092,2.846618767754035e-23,5.148861676775782e-21,down,Myofiber_TypeII,-9.937937
NFIB,-1.2608672,4.182253878085678e-23,7.480658103269249e-21,down,Myofiber_TypeII,-9.899532
SPTBN1,-1.9931542,4.681357116681299e-23,8.281372182894017e-21,down,Myofiber_TypeII,-9.888251
RC3H1,-1.0726554,5.935574452455466e-23,1.038596494952479e-20,down,Myofiber_TypeII,-9.864455
MKNK2,-1.3285329,6.007255117894762e-23,1.0398364826652675e-20,down,Myofiber_TypeII,-9.863251
ENTREP1,-2.3076725,8.550884508877628e-23,1.464384455573532e-20,down,Myofiber_TypeII,-9.827748
PXN,-1.4550879,1.2535861534229332e-22,2.12423472608446e-20,down,Myofiber_TypeII,-9.789139
TP63,1.0227338,1.8410351157881213e-22,3.087185759787206e-20,up,Myofiber_TypeII,9.750201
TSPAN5,-1.686408,3.637132662963373e-22,6.036140371998388e-20,down,Myofiber_TypeII,-9.6808405
ELL2,-1.0447321,9.769970084376142e-22,1.6048671267172156e-19,down,Myofiber_TypeII,-9.579306
PRKAG3,-2.2814345,1.0107128613568297e-21,1.643480367891136e-19,down,Myofiber_TypeII,-9.575801
LINGO1,-0.8890329,1.2226338903491124e-21,1.9681960366840011e-19,down,Myofiber_TypeII,-9.556112
TXNIP,0.9631356,1.413535624607856e-21,2.2529798499937885e-19,up,Myofiber_TypeII,9.5410795
FOSL2,-1.5453585,1.7967140769449767e-21,2.835637569672572e-19,down,Myofiber_TypeII,-9.516174
INO80D,-1.1653551,2.266824757243329e-21,3.5428490235051563e-19,down,Myofiber_TypeII,-9.491982
PHKA1,-1.1659127,3.0537617672799815e-21,4.726870858622418e-19,down,Myofiber_TypeII,-9.4608755
SRL,-1.0752157,4.82944307908774e-21,7.404226160681376e-19,down,Myofiber_TypeII,-9.412832
ST3GAL1,-1.7210345,6.007326559025988e-21,9.123202164830222e-19,down,Myofiber_TypeII,-9.389872
SLC26A3,-1.4024694,1.4122298671044342e-20,2.124680037443662e-18,down,Myofiber_TypeII,-9.299413
ADPRHL1,-1.0667466,1.5311140964689518e-20,2.2822106226812213e-18,down,Myofiber_TypeII,-9.290815
PRKG1,0.50921863,1.5706094722228863e-20,2.319602870077433e-18,up,Myofiber_TypeII,9.288104
MYL11,-1.0140834,1.7986609224906435e-20,2.622650803793724e-18,down,Myofiber_TypeII,-9.27366
MTUS1,-1.2505232,1.808387620953556e-20,2.622650803793724e-18,down,Myofiber_TypeII,-9.273085
SSBP2,-0.9347369,2.6634680107705526e-20,3.828259646195033e-18,down,Myofiber_TypeII,-9.2317095
LAMA2,-1.5342408,3.9765003889037604e-20,5.664929492086084e-18,down,Myofiber_TypeII,-9.188691
FGD4,-1.381385,6.156247336849235e-20,8.693269265666577e-18,down,Myofiber_TypeII,-9.141552
CRYAB,-0.88361365,6.449005515264114e-20,9.027486155193193e-18,down,Myofiber_TypeII,-9.136527
GPAT3,1.3799525,8.761835396227888e-20,1.2159312604179013e-17,up,Myofiber_TypeII,9.103312
OTUD1,3.4673278,1.1113536876800563e-19,1.5291086892541493e-17,up,Myofiber_TypeII,9.077462
MYOM3,-2.1638646,1.4050081723959024e-19,1.916764538917732e-17,down,Myofiber_TypeII,-9.051901
ABHD2,-1.0902413,1.525233046400377e-19,2.063294250500275e-17,down,Myofiber_TypeII,-9.042933
CACNA2D3,-1.1251067,1.6520945880237105e-19,2.2162848898338077e-17,down,Myofiber_TypeII,-9.034198
IP6K3,-0.92834395,1.6842460960898482e-19,2.240743277260692e-17,down,Myofiber_TypeII,-9.032089
STIM1,-0.9318696,2.3538068800873604e-19,3.105867471774289e-17,down,Myofiber_TypeII,-8.995397
DMD,0.124598876,2.8527004474507964e-19,3.733558683175847e-17,up,Myofiber_TypeII,8.974257
ENAH,-0.8759039,6.126689000410118e-19,7.953825768435651e-17,down,Myofiber_TypeII,-8.889713
SQSTM1,0.69343585,2.55436644203331e-18,3.289615278708177e-16,up,Myofiber_TypeII,8.729661
MT2A,-1.0062786,2.6533021763275432e-18,3.3899093995651423e-16,down,Myofiber_TypeII,-8.725362
C1orf21,-0.81584466,3.1375534138734557e-18,3.9770342406720364e-16,down,Myofiber_TypeII,-8.706372
FOS,1.6572238,4.506577462043501e-18,5.667725311248148e-16,up,Myofiber_TypeII,8.665216
IQGAP1,-0.9921105,7.778713737414549e-18,9.70711114301546e-16,down,Myofiber_TypeII,-8.602811
PPDPFL,1.6737337,1.7066174827788088e-17,2.1133175567517897e-15,up,Myofiber_TypeII,8.512201
STRN3,0.75891435,1.989299532752265e-17,2.4445606013928214e-15,up,Myofiber_TypeII,8.494416
NBPF19,-2.360933,2.720082263715793e-17,3.3172639607043047e-15,down,Myofiber_TypeII,-8.457997
NR4A3,-2.2960792,2.9566916689298666e-17,3.578708457626542e-15,down,Myofiber_TypeII,-8.448263
RRAD,-1.5320588,3.016560770588494e-17,3.6239250212637e-15,down,Myofiber_TypeII,-8.445922
RAB7A,-0.8373231,3.626496471278828e-17,4.324395569973821e-15,down,Myofiber_TypeII,-8.424385
CECR2,-0.8620663,3.9591305564015393e-17,4.6863296835994104e-15,down,Myofiber_TypeII,-8.414103
RNF157,-1.6805229,4.7178008360845626e-17,5.543588164911626e-15,down,Myofiber_TypeII,-8.393525
PHC2,-1.3280574,5.3212682056752206e-17,6.207375041663747e-15,down,Myofiber_TypeII,-8.379368
ACTN2,-0.77384895,6.14813417282263e-17,7.120335533388396e-15,down,Myofiber_TypeII,-8.3623495
KAT6B,1.097366,6.949235402732e-17,7.990627965227123e-15,up,Myofiber_TypeII,8.347892
IL32,1.8629681,9.02148377486174e-17,1.029984722040598e-14,up,Myofiber_TypeII,8.317004
SOX6,-0.742384,9.265317122101732e-17,1.0503737678281244e-14,down,Myofiber_TypeII,-8.313841
MLXIP,-0.92769533,1.1212861582993806e-16,1.2622702500911488e-14,down,Myofiber_TypeII,-8.291182
USP54,-0.9881466,1.2433173692319467e-16,1.3899252090205471e-14,down,Myofiber_TypeII,-8.278887
PPM1B,0.72488284,1.5896025866720432e-16,1.7647877544997616e-14,up,Myofiber_TypeII,8.249574
CHRNA1,-1.33867,1.9809151923866943e-16,2.18416251829048e-14,down,Myofiber_TypeII,-8.223231
CEBPD,-0.91471446,2.6387794338680216e-16,2.889732743293021e-14,down,Myofiber_TypeII,-8.188785
MAFB,-3.2833676,2.706553672369259e-16,2.943925744445968e-14,down,Myofiber_TypeII,-8.185731
JARID2,-1.2393521,3.158625038627871e-16,3.412586971263857e-14,down,Myofiber_TypeII,-8.16711
DGKD,0.77932787,3.5437718303761267e-16,3.80317592835966e-14,up,Myofiber_TypeII,8.153214
PKDCC,-1.5439621,4.93895495867501e-16,5.2653839023013444e-14,down,Myofiber_TypeII,-8.112989
ROCK2,-1.0488535,5.784761398040358e-16,6.126519012214058e-14,down,Myofiber_TypeII,-8.093766
SLC7A2,-0.7350211,7.997455836099684e-16,8.414578042453119e-14,down,Myofiber_TypeII,-8.054239
ANO5,-0.9453077,8.224346445156869e-16,8.597112277541254e-14,down,Myofiber_TypeII,-8.050817
RAB11FIP3,-1.3902627,8.884983971014916e-16,9.227772384864396e-14,down,Myofiber_TypeII,-8.041356
PICALM,0.9678809,1.1790326463605469e-15,1.2166709962251334e-13,up,Myofiber_TypeII,8.00662
VWA8,-0.9258556,1.2410721179590365e-15,1.2725336913951956e-13,down,Myofiber_TypeII,-8.000309
SERPINF1,-1.0798427,1.767243807109963e-15,1.800575367522543e-13,down,Myofiber_TypeII,-7.9566746
TTN,0.13644838,1.789468542418261e-15,1.8040164253570808e-13,up,Myofiber_TypeII,7.9551277
SCN4A,-1.2278676,1.7930340915463594e-15,1.8040164253570808e-13,down,Myofiber_TypeII,-7.954881
TNIK,-0.92866784,1.9031053993741804e-15,1.902868988765563e-13,down,Myofiber_TypeII,-7.9475017
MCU,0.963872,2.0712948409704288e-15,2.0582533549346893e-13,up,Myofiber_TypeII,7.9370003
REV3L,-0.80732566,2.2252237709554664e-15,2.197647378211111e-13,down,Myofiber_TypeII,-7.928101
ZNF438,-1.034353,2.728582791999015e-15,2.67833693814635e-13,down,Myofiber_TypeII,-7.902731
ABRA,-1.0485319,3.1754844754796456e-15,3.0981181264406883e-13,down,Myofiber_TypeII,-7.8838096
MSI2,-0.72617644,3.195738295177429e-15,3.0990960889015813e-13,down,Myofiber_TypeII,-7.883015
CDK14,-1.3456265,3.670515786472291e-15,3.5382013850677214e-13,down,Myofiber_TypeII,-7.865696
SETBP1,-0.8576639,3.996321449348274e-15,3.829332303071937e-13,down,Myofiber_TypeII,-7.855044
PIK3R1,-0.9855611,5.4535963622563204e-15,5.194792558556346e-13,down,Myofiber_TypeII,-7.8159823
LRRFIP2,-0.71947193,5.9005257049711116e-15,5.587450752860292e-13,down,Myofiber_TypeII,-7.806056
BMERB1,-1.4379629,6.759455348024261e-15,6.363374982017225e-13,down,Myofiber_TypeII,-7.788901
SLC22A5,-1.585414,8.863859915448188e-15,8.295954472028193e-13,down,Myofiber_TypeII,-7.7545767
HOMER1,-1.0952103,9.703998004010263e-15,9.029766466390592e-13,down,Myofiber_TypeII,-7.743076
SYNPO2,-0.7687433,1.4433363928840703e-14,1.3353350145199864e-12,down,Myofiber_TypeII,-7.692459
R3HDM1,-1.2052712,2.3465557391642355e-14,2.158563102232335e-12,down,Myofiber_TypeII,-7.630054
MPRIP,-0.9138324,2.7702309537756324e-14,2.533816925788644e-12,down,Myofiber_TypeII,-7.608627
ANKRD28,-1.0852196,2.8349255073515464e-14,2.578340724143797e-12,down,Myofiber_TypeII,-7.6056423
TCAP,0.8691832,3.450856927025536e-14,3.120892966924556e-12,up,Myofiber_TypeII,7.5801764
FHOD3,-1.55195,3.5780175436019976e-14,3.2178171182628466e-12,down,Myofiber_TypeII,-7.57548
PIK3CB,-1.5056757,3.8760081631300986e-14,3.466443300559351e-12,down,Myofiber_TypeII,-7.5650883
NBPF14,-2.7419217,4.1680072484061774e-14,3.706993408002356e-12,down,Myofiber_TypeII,-7.555641
MAT2A,-1.0608685,4.461406798646304e-14,3.946138826626824e-12,down,Myofiber_TypeII,-7.546783
PRKAG2,-3.763896,5.4454768743757023e-14,4.790234247196724e-12,down,Myofiber_TypeII,-7.5207696
PALMD,-1.2968594,9.302186824100897e-14,8.138402363824796e-12,down,Myofiber_TypeII,-7.450451
FILIP1,-0.7098339,1.0305704648013357e-13,8.967634239119947e-12,down,Myofiber_TypeII,-7.4369235
CADM2,-1.3293403,1.1403627209504696e-13,9.869655420355191e-12,down,Myofiber_TypeII,-7.4235334
ZFP36L2,-1.8641745,1.5416577464501082e-13,1.3271447273986011e-11,down,Myofiber_TypeII,-7.383514
TBX15,-1.2039846,1.5790522409099573e-13,1.3521054773493878e-11,down,Myofiber_TypeII,-7.3803234
SMYD1,-1.4686931,1.623333706742882e-13,1.3826680429178262e-11,down,Myofiber_TypeII,-7.376641
HSPB3,-1.2687666,3.048582627582015e-13,2.5829517441481724e-11,down,Myofiber_TypeII,-7.2922335
PPTC7,-1.0129098,3.640369653715495e-13,3.06820265369173e-11,down,Myofiber_TypeII,-7.268301
CYP27A1,-1.9577087,4.042504173549346e-13,3.3893870930102796e-11,down,Myofiber_TypeII,-7.2541304
RIC1,-1.0346193,4.146837120119843e-13,3.458848909828458e-11,down,Myofiber_TypeII,-7.2506804
MAX,-0.8788927,4.502696296790914e-13,3.736309535347429e-11,down,Myofiber_TypeII,-7.239522
CSDE1,0.7253143,4.984505911899909e-13,4.1149013420392174e-11,up,Myofiber_TypeII,7.225721
PDZRN3,-1.0850837,6.07736333016036e-13,4.991499739230685e-11,down,Myofiber_TypeII,-7.198735
SOS2,-0.9774368,8.019363110852336e-13,6.553081591802075e-11,down,Myofiber_TypeII,-7.160824
SYPL2,-0.9091312,9.244311299905258e-13,7.515905217468427e-11,down,Myofiber_TypeII,-7.1413136
RBM20,-0.7411815,1.0219876735232023e-12,8.267315360993221e-11,down,Myofiber_TypeII,-7.127513
NPIPB5,-1.0231565,1.0802653119497414e-12,8.69505549588347e-11,down,Myofiber_TypeII,-7.119873
LAMB1,-2.05120133743205,4.12020589141326e-17,5.36533211179835e-13,down,fibroblast_deseq2,-8.40942642377668
TPM3,-2.99661235046226,5.45855136455218e-15,2.5716769577511e-11,down,fibroblast_deseq2,-7.81586809496467
RHOBTB3,-0.892891187955751,5.92461286534579e-15,2.5716769577511e-11,down,fibroblast_deseq2,-7.8055425113138
PAMR1,2.32182290116671,3.71654054769584e-11,9.69304022805255e-08,up,fibroblast_deseq2,6.61495927181163
WWTR1,-1.18987363221262,3.7217939748320297e-11,9.69304022805255e-08,down,fibroblast_deseq2,-6.6147503117501
ZC3H13,-0.897752025914664,5.98746600738135e-11,1.299479705802e-07,down,fibroblast_deseq2,-6.54405025984462
COL4A1,-2.35064629562927,2.79542160766949e-10,5.20028288215315e-07,down,fibroblast_deseq2,-6.30971921361498
SOCS4,-1.72129747468074,1.37409348200188e-09,2.23668066532856e-06,down,fibroblast_deseq2,-6.05848524636144
LONRF2,-4.24929461831863,3.31307173087979e-09,4.11392704960194e-06,down,fibroblast_deseq2,-5.91528213905799
GASK1B,-2.52382900221742,3.47478572725059e-09,4.11392704960194e-06,down,fibroblast_deseq2,-5.90743347545838
TJP1,-1.26096232213787,3.71106203428014e-09,4.11392704960194e-06,down,fibroblast_deseq2,-5.89658296656053
SUPT16H,-1.3821820288677,3.791055490341221e-09,4.11392704960194e-06,down,fibroblast_deseq2,-5.89306136075935
GOLGA8B,-1.76055401267422,7.1648536831755505e-09,7.17697882017785e-06,down,fibroblast_deseq2,-5.78701417022288
GABPB2,-0.988009479574867,8.44309437354253e-09,7.85328392373363e-06,down,fibroblast_deseq2,-5.7593650207244
HDHD3,1.14987009207098,1.07191864811267e-08,9.30568309048214e-06,up,fibroblast_deseq2,5.71893804874348
ZNF660,-2.17134616358226,1.47092312403372e-08,1.19714755757294e-05,down,fibroblast_deseq2,-5.66492097277911
GOLGB1,-1.51375226524072,2.74600197583304e-08,2.10343751348811e-05,down,fibroblast_deseq2,-5.55690494748369
SEPTIN11,-2.32532740917441,4.31930531247969e-08,3.12477743217281e-05,down,fibroblast_deseq2,-5.47727301526509
COX20,-0.927899974118491,4.80612617256534e-08,3.29396710627084e-05,down,fibroblast_deseq2,-5.45833780494663
PLA2G15,1.48460231993941,5.97688022964547e-08,3.80746699100979e-05,up,fibroblast_deseq2,5.41949146778138
TLN1,-1.07543043013026,6.14013260721898e-08,3.80746699100979e-05,down,fibroblast_deseq2,-5.4146715039918
COL4A2,-1.78715142279717,6.86958470468447e-08,4.06616963747278e-05,down,fibroblast_deseq2,-5.39454908348755
CMYA5,-2.38746931647837,7.29540270927966e-08,4.13046669914086e-05,down,fibroblast_deseq2,-5.38373959328296
TASOR2,-1.62299628752617,9.22769492437393e-08,5.00679347104989e-05,down,fibroblast_deseq2,-5.34131068774732
NOC3L,-1.52055217383549,1.11169861040462e-07,5.71336554766239e-05,down,fibroblast_deseq2,-5.30744938573245
PTPN1,-1.66764934839535,1.14074262201829e-07,5.71336554766239e-05,down,fibroblast_deseq2,-5.30274492613718
TOP1,-1.04909424722874,1.62238165696041e-07,7.72114295894127e-05,down,fibroblast_deseq2,-5.23809998601541
SLC25A18,-3.53572058118989,1.69464477329953e-07,7.72114295894127e-05,down,fibroblast_deseq2,-5.23004969693231
PPDPFL,-4.33133252584762,1.71949889271461e-07,7.72114295894127e-05,down,fibroblast_deseq2,-5.22735743489302
HSPB2,1.33146008386567,2.27204046939072e-07,9.86217033080198e-05,up,fibroblast_deseq2,5.17558000171814
IGF2,-3.2221855868482,2.68668637785984e-07,0.0001128581613306,down,fibroblast_deseq2,-5.14419619983777
ZSWIM4,1.88067235074076,2.92595335941364e-07,0.0001190680145196,up,fibroblast_deseq2,5.128155106233
NOVA1,0.669199273863753,3.10201705683967e-07,0.0001224074730732,up,fibroblast_deseq2,5.11714101425909
EEF1AKMT3,1.30827347700653,3.21036717686527e-07,0.0001229570628739,up,fibroblast_deseq2,5.11065916040248
CEBPZ,-1.10484574943883,4.20455638717976e-07,0.0001564335236395,down,fibroblast_deseq2,-5.05945538462608
RFNG,-1.6051694807574,4.84231764432497e-07,0.0001751573899011,down,fibroblast_deseq2,-5.03245758496241
WDR43,-1.5844273804691,5.12000101505054e-07,0.0001801963600486,down,fibroblast_deseq2,-5.02176046997106
EIF5B,-0.753590429163868,5.63681175197875e-07,0.0001931646385112,down,fibroblast_deseq2,-5.00326244351464
COL5A3,-1.42110263621891,6.34365853859604e-07,0.0002118131320246,down,fibroblast_deseq2,-4.98045001782305
CABIN1,1.1236170076982,6.50966307716268e-07,0.000211922081477,up,fibroblast_deseq2,4.97544882588699
NCOA7,-0.892577211124651,6.69732783889368e-07,0.0002127136661416,down,fibroblast_deseq2,-4.96994099849004
PAK2,-1.05858274780893,8.98150234685363e-07,0.0002784693418112,down,fibroblast_deseq2,-4.9127341483268
TNFSF10,1.63780518379572,9.41663744114393e-07,0.0002851708203687,up,fibroblast_deseq2,4.90345322354115
PRKD2,1.18984654565856,9.8800855402598e-07,0.0002875795827069,up,fibroblast_deseq2,4.89401191041961
PRKDC,-1.34993307921272,9.93785994609948e-07,0.0002875795827069,down,fibroblast_deseq2,-4.89286495592305
TIAM1,-2.1237736819127,1.0432521907106e-06,0.0002917961900232,down,fibroblast_deseq2,-4.88329951202703
COL6A6,-4.17297610127326,1.05776225168246e-06,0.0002917961900232,down,fibroblast_deseq2,-4.88057640065442
PACC1,2.13458894564693,1.09617853234772e-06,0.0002917961900232,up,fibroblast_deseq2,4.87353677100386
IL1RL1,-6.74298784923401,1.0979890424773e-06,0.0002917961900232,down,fibroblast_deseq2,-4.87321089046625
TPM2,-1.89450188669572,1.26661692538314e-06,0.0003298777120467,down,fibroblast_deseq2,-4.84492158726135
KIAA0040,-2.46524351702156,1.31959311390429e-06,0.0003369361084168,down,fibroblast_deseq2,-4.83678004453025
ZNF106,-1.04948246720531,1.35717455188554e-06,0.0003398678272048,down,fibroblast_deseq2,-4.83119286566986
SERPINE1,-2.6487110524499,1.41454085061478e-06,0.000347550018051,down,fibroblast_deseq2,-4.82294485957092
HOPX,4.47542153815343,1.48185899064732e-06,0.0003573475514112,up,fibroblast_deseq2,4.81366667332591
EFEMP1,1.51296681973628,1.64021762468414e-06,0.0003797919390828,up,fibroblast_deseq2,4.79334675223377
PXDN,-1.38196997222076,1.64525186502359e-06,0.0003797919390828,down,fibroblast_deseq2,-4.79273218886277
TXNL4A,-0.899147972305131,1.66242823895893e-06,0.0003797919390828,down,fibroblast_deseq2,-4.79064887312973
CD38,-3.33882171536186,1.72454716285295e-06,0.0003871905716322,down,fibroblast_deseq2,-4.78328339246408
ALDH1A3,-1.68489417540244,1.784173368649e-06,0.0003937882306194,down,fibroblast_deseq2,-4.77644949557493
TGS1,-1.05668970434098,2.04705562836789e-06,0.0004417198310097,down,fibroblast_deseq2,-4.74872253085437
STC2,-4.59428667165099,2.06918366545808e-06,0.0004417198310097,down,fibroblast_deseq2,-4.74654728735036
COL6A3,-1.1164722925068,2.5015384580553e-06,0.0005238753631831,down,fibroblast_deseq2,-4.70800428370719
ZDBF2,-1.63051265187546,2.53449146678981e-06,0.0005238753631831,down,fibroblast_deseq2,-4.70533522153332
PAPPA,-2.65833483158357,2.63497518425244e-06,0.0005343557997664,down,fibroblast_deseq2,-4.69739736249027
UBE2V1,-1.84151547077246,2.66726516547543e-06,0.0005343557997664,down,fibroblast_deseq2,-4.69490817146589
H4C11,-2.74653620555722,2.72524666827215e-06,0.0005376994259733,down,fibroblast_deseq2,-4.69051018153405
PRP4K,-0.864102656833287,2.98554863860335e-06,0.0005759813966626,down,fibroblast_deseq2,-4.67181151931008
VWA5A,1.15418288659659,3.00773575280759e-06,0.0005759813966626,up,fibroblast_deseq2,4.67029085078917
PLK3,1.1894329092917,3.50606196297545e-06,0.0006572622977977,up,fibroblast_deseq2,4.6387007962291
SMARCA5,-0.921988638586704,3.53312554491204e-06,0.0006572622977977,down,fibroblast_deseq2,-4.63711108342675
SRRM1,-0.626997439810658,3.67454741165642e-06,0.0006698686593167,down,fibroblast_deseq2,-4.62898930630314
TPM1,-1.14362337447166,3.77473246927374e-06,0.0006698686593167,down,fibroblast_deseq2,-4.62341511702775
CPNE3,-0.977508946003892,3.78598967579971e-06,0.0006698686593167,down,fibroblast_deseq2,-4.62279766547638
DEDD2,0.861646078226987,3.80665648820734e-06,0.0006698686593167,up,fibroblast_deseq2,4.62166866964924
CTSW,4.01075461874182,4.12741335065531e-06,0.0007166290220297,up,fibroblast_deseq2,4.60486105854116
ARL6IP6,1.3676671857239,4.20517413063037e-06,0.0007205233885403,up,fibroblast_deseq2,4.60097524240732
HSF2,0.876643106296475,4.68477607800301e-06,0.0007922747284124,up,fibroblast_deseq2,4.57843057018107
NCL,-1.39389726370148,4.9238516971969e-06,0.0008220307282166,down,fibroblast_deseq2,-4.56800632851051
H2AC20,-2.44946487310612,5.18653075930877e-06,0.0008534581251447,down,fibroblast_deseq2,-4.55709767989016
EFCAB14,-0.812749516541007,5.24317693223622e-06,0.0008534581251447,down,fibroblast_deseq2,-4.55481472776171
MPHOSPH10,-0.866831226355013,5.83049862733397e-06,0.0009373426311746,down,fibroblast_deseq2,-4.5324445424037
PRRC2C,-0.899564015323377,6.19605670064038e-06,0.0009839640287285,down,fibroblast_deseq2,-4.51958636892415
DHX36,-1.06961092130107,6.98628134825976e-06,0.0010960886230968,down,fibroblast_deseq2,-4.49410603198516
TRAIP,2.39175234951751,7.14928367341656e-06,0.0011083091904194,up,fibroblast_deseq2,4.48919498023198
CDK2,1.13250224411794,7.33329041735954e-06,0.0011234600919394,up,fibroblast_deseq2,4.48377815080014
PDE3B,-2.07823770556754,7.6956210991865e-06,0.0011652602087628,down,fibroblast_deseq2,-4.47348152247855
HLA-DQA1,4.56789723935688,7.8196397958678e-06,0.0011704293036987,up,fibroblast_deseq2,4.47006344431516
REEP2,1.66624983901714,8.30890837122827e-06,0.0012295296001151,up,fibroblast_deseq2,4.45706585554438
BTBD3,-1.51929789309065,8.46440880037197e-06,0.0012384666449263,down,fibroblast_deseq2,-4.45308788482955
NOL8,-1.11503251362752,8.78041890598344e-06,0.0012704290554857,down,fibroblast_deseq2,-4.44521456540893
CDK12,-0.892310336204088,9.0538964169394e-06,0.0012847331577934,down,fibroblast_deseq2,-4.43861652260134
PLXNA2,-1.62372617356836,9.07659733658374e-06,0.0012847331577934,down,fibroblast_deseq2,-4.43807742145658
HK2,-3.60156627027031,9.68706008868348e-06,0.001353939515219,down,fibroblast_deseq2,-4.42404327949921
SPARCL1,-1.31631484169076,9.77348444406346e-06,0.001353939515219,down,fibroblast_deseq2,-4.42212508511703
IGF1,-2.39059716552697,9.97644620122062e-06,0.0013675082361294,down,fibroblast_deseq2,-4.41768328541036
RC3H2,-1.36960604694251,1.16055392317494e-05,0.0015742430403733,down,fibroblast_deseq2,-4.38486938672611
ZC3H11A,-3.10951781153907,1.17618658562011e-05,0.0015790001771077,down,fibroblast_deseq2,-4.38195582887887
ADM,1.38815172616195,1.18926354467242e-05,0.0015802642733392,up,fibroblast_deseq2,4.37954684637495
ARVCF,2.00456560228565,1.21198436541839e-05,0.0015941879198462,up,fibroblast_deseq2,4.37542081071813
SLC7A2,-2.13473203290575,1.25664768157045e-05,0.0016264043206345,down,fibroblast_deseq2,-4.36752091121988
FBXO9,-1.07022428281946,1.26166840348101e-05,0.0016264043206345,down,fibroblast_deseq2,-4.36664967660129
OLFM4,1.37533358415629,1.27394594305575e-05,0.0016264043206345,up,fibroblast_deseq2,4.36453304064732
CCDC144A,-2.26509088010362,1.40296616416216e-05,0.0017737306203611,down,fibroblast_deseq2,-4.34339645796673
DPH3,-0.97753678353122,1.45325751226815e-05,0.0018156874421692,down,fibroblast_deseq2,-4.33565647557442
GPM6B,-2.97304775826033,1.47211571769029e-05,0.0018156874421692,down,fibroblast_deseq2,-4.33281984125186
SGSH,0.81828392324113,1.47798240569757e-05,0.0018156874421692,up,fibroblast_deseq2,4.33194444349353
CRLF1,-1.84373516366749,1.50429251500399e-05,0.0018307380495684,down,fibroblast_deseq2,-4.32805889097837
AKAP12,-1.58493393473437,1.58477399488075e-05,0.0019108265704941,down,fibroblast_deseq2,-4.3165630907702
ABCE1,-1.05546689813951,1.66334711592109e-05,0.0019871657012407,down,fibroblast_deseq2,-4.30586468975309
PITPNC1,-2.4909935677497,1.71863239842052e-05,0.002034548281112,down,fibroblast_deseq2,-4.29862206702409
FERMT2,-0.798246108275776,1.82037119726947e-05,0.0021350784223897,down,fibroblast_deseq2,-4.28585570638782
NRIP1,-2.07278736772208,1.83634451933387e-05,0.0021350784223897,down,fibroblast_deseq2,-4.2839133520128
PAX8,-4.14453075494223,1.86872921457453e-05,0.002152309674445,down,fibroblast_deseq2,-4.28002428461426
MAP1B,-1.33331699612846,1.90750059044552e-05,0.002152309674445,down,fibroblast_deseq2,-4.27545181041628
TGOLN2,-0.760947174801813,1.91205050316841e-05,0.002152309674445,down,fibroblast_deseq2,-4.27492103526382
TMEM181,-0.956415717335099,1.91727785467387e-05,0.002152309674445,down,fibroblast_deseq2,-4.27431271568807
TRIM47,1.44933330512666,1.93708896973464e-05,0.0021559634669986,up,fibroblast_deseq2,4.27202149708128
ZNF326,-0.839907332844348,2.06096300771475e-05,0.0022595871727689,down,fibroblast_deseq2,-4.25818181484318
NIF3L1,0.926027914323977,2.06753988303479e-05,0.0022595871727689,up,fibroblast_deseq2,4.25746935758426
ACACB,-1.35250736941408,2.08224896891629e-05,0.0022595871727689,down,fibroblast_deseq2,-4.25588373505318
HPS5,-0.861632207207992,2.10698109943616e-05,0.0022675295765998,down,fibroblast_deseq2,-4.25324152494667
CCND2,-0.978003257569393,2.18146767974575e-05,0.0023284485348892,down,fibroblast_deseq2,-4.24545861861117
PUM3,-1.06536625901342,2.22089405606158e-05,0.0023512587315474,down,fibroblast_deseq2,-4.24144086737724
TSTD1,1.41594725798835,2.38747924675692e-05,0.0024927998949871,up,fibroblast_deseq2,4.22518183098722
CADM3,1.4498235013705,2.3928734977223e-05,0.0024927998949871,up,fibroblast_deseq2,4.22467358690519
ANKRD11,-1.11034311267437,2.51538922261272e-05,0.0025996347981637,down,fibroblast_deseq2,-4.21341441937597
PCM1,-0.863422943690287,2.71491459647167e-05,0.0027837494389963,down,fibroblast_deseq2,-4.19614918104888
MMP3,-5.90524904505291,2.76642798901232e-05,0.0028004065126574,down,fibroblast_deseq2,-4.19188781093801
MEDAG,-1.64733221068041,2.78461231193161e-05,0.0028004065126574,down,fibroblast_deseq2,-4.19040153882004
DUSP14,1.29319661518018,2.79656023937056e-05,0.0028004065126574,up,fibroblast_deseq2,4.18943000562994
GEM,1.1306271498875,2.81718056487578e-05,0.0028004065126574,up,fibroblast_deseq2,4.18776253050062
SNAP47,0.796329374187735,2.91190166820323e-05,0.0028709314593725,up,fibroblast_deseq2,4.18024892202406
KIF5C,-3.15659416226959,2.93222150281485e-05,0.0028709314593725,down,fibroblast_deseq2,-4.17866738545846
NKD2,-3.46282590910487,3.07766108345391e-05,0.0029751742744041,down,fibroblast_deseq2,-4.16764250476657
NCBP3,-0.878301895185076,3.10228383810971e-05,0.0029751742744041,down,fibroblast_deseq2,-4.16582517170276
LARS1,-0.992067957849853,3.1072316181767e-05,0.0029751742744041,down,fibroblast_deseq2,-4.16546164506188
VEGFA,-1.85478938018983,3.13661146983208e-05,0.0029813835445367,down,fibroblast_deseq2,-4.16331429307747
JCAD,-2.77352710065624,3.19762141605102e-05,0.0030173497159287,down,fibroblast_deseq2,-4.15891550860293
PCDHGA12,-3.37567023320655,3.24536114612949e-05,0.0030403663917192,down,fibroblast_deseq2,-4.15552876113378
NSRP1,-0.659103364672416,3.31094374483017e-05,0.003062663019361,down,fibroblast_deseq2,-4.15095257409215
TFPI,-0.75991019831019,3.31619939893958e-05,0.003062663019361,down,fibroblast_deseq2,-4.15058958389712
TOP3B,1.15381138887054,3.55733016883868e-05,0.0032622220745505,up,fibroblast_deseq2,4.13449692465855
ABHD8,1.28562760090964,3.63768295904287e-05,0.0033125809435423,up,fibroblast_deseq2,4.12936387745753
ARGLU1,-0.634859560729756,3.75141864767565e-05,0.0033924287243078,down,fibroblast_deseq2,-4.12227936092056
SLK,-1.18275203384567,3.83598001418702e-05,0.0034276911273967,down,fibroblast_deseq2,-4.11714304522989
UPF1,-1.37607216484357,3.84305716940503e-05,0.0034276911273967,down,fibroblast_deseq2,-4.11671806117166
BMP2,-1.45563343949799,3.87338541346766e-05,0.0034312397859983,down,fibroblast_deseq2,-4.11490521902776
MBNL1,-0.907421595879426,3.93949281694601e-05,0.0034662213150183,down,fibroblast_deseq2,-4.11099995261353
BDP1,-0.774055292140466,4.28380913325598e-05,0.0037410846837018,down,fibroblast_deseq2,-4.09161419245303
METAP2,-0.847418595927198,4.30934343845242e-05,0.0037410846837018,down,fibroblast_deseq2,-4.09023607044599
CORO1A,3.15002346432501,4.35039351768952e-05,0.003751710224328,up,fibroblast_deseq2,4.08803669449291
SLC39A9,-0.769718261494433,4.73373635380917e-05,0.004055441763112,down,fibroblast_deseq2,-4.06839854804857
PIP4P2,0.880011393017077,4.97921343881828e-05,0.0042327355716565,up,fibroblast_deseq2,4.05660053839365
RALGPS2,-1.91768331634377,5.01397992311839e-05,0.0042327355716565,down,fibroblast_deseq2,-4.05497437424461
DDX50,-0.470411436718739,5.03819700204855e-05,0.0042327355716565,down,fibroblast_deseq2,-4.05384795010986
BOD1L1,-1.62439827480059,5.4231477621336e-05,0.0045269378306733,down,fibroblast_deseq2,-4.03659973196955
PDE4D,-2.17508063317461,5.47662833989883e-05,0.0045310708027869,down,fibroblast_deseq2,-4.03429583856448
GTPBP3,0.839123203705752,5.49768996191321e-05,0.0045310708027869,up,fibroblast_deseq2,4.0333943689536
GOLGA8A,-1.46844229848365,5.60084485745787e-05,0.0045870567128186,down,fibroblast_deseq2,-4.02902589809321
CTF1,-1.58404908646605,5.6539626859343e-05,0.0046016188810147,down,fibroblast_deseq2,-4.02680607173145
ACSL4,-2.0849885582982,5.81797199980912e-05,0.0047056913901561,down,fibroblast_deseq2,-4.02007458209105
ZFC3H1,-1.08570835434322,6.01396474069824e-05,0.0048341882008254,down,fibroblast_deseq2,-4.01226220473045
ALKAL2,-3.28623928997768,6.18545068485053e-05,0.0049415299888419,down,fibroblast_deseq2,-4.00562196659649
IFNAR1,-0.930277863952645,6.28234953318825e-05,0.0049883387573888,down,fibroblast_deseq2,-4.00194653989671
STRIT1,-4.10239707792717,6.56456778348402e-05,0.0051808364652441,down,fibroblast_deseq2,-3.99153976587562
VPS36,-0.816796613752325,6.84109377866176e-05,0.005366549589502,down,fibroblast_deseq2,-3.98174575134028
HSPA12B,1.9554612363786,7.15758534638959e-05,0.0055812021784841,up,fibroblast_deseq2,3.97098577476606
DDB2,1.61505000343384,7.2262129270485e-05,0.0056011752819062,up,fibroblast_deseq2,3.96871207704096
NME1,-1.82364011485324,7.31018833596009e-05,0.0056327380183948,down,fibroblast_deseq2,-3.96595751647026
TRNT1,-0.869486896381261,7.4133167608493e-05,0.0056786006388105,down,fibroblast_deseq2,-3.9626153555918
SH3PXD2A,-1.18164011412295,7.49700668020067e-05,0.005680420361292,down,fibroblast_deseq2,-3.95993531706976
PRDM2,-1.15645656369738,7.5029358174031e-05,0.005680420361292,down,fibroblast_deseq2,-3.95974652053466
DPP6,-2.13057847801977,7.56791000714671e-05,0.0056964927232985,down,fibroblast_deseq2,-3.95768679611942
CD52,3.44263367938808,7.62973042937088e-05,0.0057100200949004,up,fibroblast_deseq2,3.9557425140814
PPP1R3G,1.55922408265897,7.70523962238464e-05,0.0057335788778681,up,fibroblast_deseq2,3.95338782250943
UBFD1,-0.949536522719406,7.82681945120704e-05,0.0057909569825919,down,fibroblast_deseq2,-3.94964191729289
PTX3,-5.29576881860069,7.99115796680519e-05,0.0058791445787422,down,fibroblast_deseq2,-3.94466510452326
RAB3IL1,0.788756513481543,8.04344232237662e-05,0.0058843655012353,up,fibroblast_deseq2,3.943102005582
CDK20,1.50899703621138,8.12025885673476e-05,0.0059073749068379,up,fibroblast_deseq2,3.94082282385154
ZFHX3,-1.58694082364975,8.28735857357108e-05,0.005995443519169,down,fibroblast_deseq2,-3.9359344711961
PIGB,1.14586964785836,8.51051331102091e-05,0.0061228676428792,up,fibroblast_deseq2,3.92954956608546
LARP4,-2.12788852306195,8.72029217912211e-05,0.0062393211404685,down,fibroblast_deseq2,-3.92369002818708
TNFRSF11B,1.75051369128224,8.79903580435678e-05,0.0062472605106528,up,fibroblast_deseq2,3.92152488815777
OMD,-1.41401309048226,8.82733784334292e-05,0.0062472605106528,down,fibroblast_deseq2,-3.9207511632706
FDFT1,0.850285525605019,8.96012756081368e-05,0.0062628512156284,up,fibroblast_deseq2,3.9171519488956
BLTP2,-1.37484140434423,8.97363615605486e-05,0.0062628512156284,down,fibroblast_deseq2,-3.91678863202207
KHK,2.08005118680464,8.99365057074586e-05,0.0062628512156284,up,fibroblast_deseq2,3.91625128826042
RBM39,-0.495805443498238,9.17641033206017e-05,0.0063561284757493,down,fibroblast_deseq2,-3.9113961749677
GSPT1,-1.08484757573287,9.41174935951883e-05,0.0064772824262268,down,fibroblast_deseq2,-3.90527705488513
LRRC28,1.08232306642191,9.45080372433655e-05,0.0064772824262268,up,fibroblast_deseq2,3.90427559480927
RPGRIP1L,-2.43015010774788,9.7927860007936e-05,0.0066765266650436,down,fibroblast_deseq2,-3.89566947263752
TMEM243,0.467006363564569,9.90718541566498e-05,0.0067193421084786,up,fibroblast_deseq2,3.8928538200557
CDCA4,1.20624140063782,9.95921283128797e-05,0.0067196305434731,up,fibroblast_deseq2,3.89158343675688
CCL4,5.68183686685354,0.0001021167313022,0.0068544539949355,up,fibroblast_deseq2,3.88550656964325
PALS2,-1.41685226411206,0.0001037954665997,0.0069314080310866,down,fibroblast_deseq2,-3.88154376729957
DDX24,-0.785433307602038,0.0001053036050377,0.0069962425755177,down,fibroblast_deseq2,-3.87803491989876
S100A8,-4.69524898739493,0.0001076155914861,0.0071135544788454,down,fibroblast_deseq2,-3.87274684600118
IZUMO4,-2.10280609098622,0.0001082982206002,0.0071225223669494,down,fibroblast_deseq2,-3.87120599970669
NOP16,-1.70796390452451,0.000110547974564,0.007199404234034,down,fibroblast_deseq2,-3.86619187914005
SESN3,-1.86198129758078,0.0001105729416991,0.007199404234034,down,fibroblast_deseq2,-3.86613677583267
