rank	candidate_id	receptor_A	receptor_B	linker	biased_pathways	chain_soundness	track_a	track_b	composite_reward	tier	verdict	notes
1	ERBB2_FGFR1__GS_med	ERBB2	FGFR1	GS_med	MAPK,AKT	0.900	+1.0000	0.900	+0.9625	TOP_K_DESIGN	REJUVENATING	Heuristic candidate from generate_candidates.py — class pair: (ErbB, FGFR); axis: myogenic; linker: GS_med (20 aa, flexible).
2	ERBB2_FGFR2__GS_med	ERBB2	FGFR2	GS_med	MAPK,AKT	0.900	+1.0000	0.900	+0.9625	TOP_K_DESIGN	REJUVENATING	Heuristic candidate from generate_candidates.py — class pair: (ErbB, FGFR); axis: myogenic; linker: GS_med (20 aa, flexible).
3	ERBB2_FGFR4__GS_med	ERBB2	FGFR4	GS_med	MAPK,AKT	0.900	+1.0000	0.900	+0.9625	TOP_K_DESIGN	REJUVENATING	Heuristic candidate from generate_candidates.py — class pair: (ErbB, FGFR); axis: myogenic; linker: GS_med (20 aa, flexible).
4	ERBB2_MET__GS_med	ERBB2	MET	GS_med	MAPK,AKT,STAT3	0.900	+1.0000	0.900	+0.9625	TOP_K_DESIGN	REJUVENATING	Heuristic candidate from generate_candidates.py — class pair: (ErbB, MET); axis: myogenic; linker: GS_med (20 aa, flexible).
5	EGFR_FGFR1__GS_med	EGFR	FGFR1	GS_med	MAPK,AKT	0.900	+1.0000	0.900	+0.9625	TOP_K_DESIGN	REJUVENATING	Heuristic candidate from generate_candidates.py — class pair: (ErbB, FGFR); axis: myogenic; linker: GS_med (20 aa, flexible).
6	EGFR_FGFR2__GS_med	EGFR	FGFR2	GS_med	MAPK,AKT	0.900	+1.0000	0.900	+0.9625	TOP_K_DESIGN	REJUVENATING	Heuristic candidate from generate_candidates.py — class pair: (ErbB, FGFR); axis: myogenic; linker: GS_med (20 aa, flexible).
7	EGFR_FGFR4__GS_med	EGFR	FGFR4	GS_med	MAPK,AKT	0.900	+1.0000	0.900	+0.9625	TOP_K_DESIGN	REJUVENATING	Heuristic candidate from generate_candidates.py — class pair: (ErbB, FGFR); axis: myogenic; linker: GS_med (20 aa, flexible).
8	EGFR_MET__GS_med	EGFR	MET	GS_med	MAPK,AKT,STAT3	0.900	+1.0000	0.900	+0.9625	TOP_K_DESIGN	REJUVENATING	Heuristic candidate from generate_candidates.py — class pair: (ErbB, MET); axis: myogenic; linker: GS_med (20 aa, flexible).
9	FGFR1_IGF1R__GS_med	FGFR1	IGF1R	GS_med	MAPK,AKT,mTOR	0.900	+1.0000	0.900	+0.9625	TOP_K_DESIGN	REJUVENATING	Heuristic candidate from generate_candidates.py — class pair: (FGFR, INSR); axis: myogenic; linker: GS_med (20 aa, flexible).
10	FGFR1_INSR__GS_med	FGFR1	INSR	GS_med	MAPK,AKT,mTOR	0.900	+1.0000	0.900	+0.9625	TOP_K_DESIGN	REJUVENATING	Heuristic candidate from generate_candidates.py — class pair: (FGFR, INSR); axis: myogenic; linker: GS_med (20 aa, flexible).
11	FGFR1_MET__GS_med	FGFR1	MET	GS_med	MAPK,AKT,STAT3	0.900	+1.0000	0.900	+0.9625	TOP_K_DESIGN	REJUVENATING	Heuristic candidate from generate_candidates.py — class pair: (FGFR, MET); axis: myogenic; linker: GS_med (20 aa, flexible).
12	FGFR2_IGF1R__GS_med	FGFR2	IGF1R	GS_med	MAPK,AKT,mTOR	0.900	+1.0000	0.900	+0.9625	TOP_K_DESIGN	REJUVENATING	Heuristic candidate from generate_candidates.py — class pair: (FGFR, INSR); axis: myogenic; linker: GS_med (20 aa, flexible).
13	FGFR2_INSR__GS_med	FGFR2	INSR	GS_med	MAPK,AKT,mTOR	0.900	+1.0000	0.900	+0.9625	TOP_K_DESIGN	REJUVENATING	Heuristic candidate from generate_candidates.py — class pair: (FGFR, INSR); axis: myogenic; linker: GS_med (20 aa, flexible).
14	FGFR2_MET__GS_med	FGFR2	MET	GS_med	MAPK,AKT,STAT3	0.900	+1.0000	0.900	+0.9625	TOP_K_DESIGN	REJUVENATING	Heuristic candidate from generate_candidates.py — class pair: (FGFR, MET); axis: myogenic; linker: GS_med (20 aa, flexible).
15	FGFR4_IGF1R__GS_med	FGFR4	IGF1R	GS_med	MAPK,AKT,mTOR	0.900	+1.0000	0.900	+0.9625	TOP_K_DESIGN	REJUVENATING	Heuristic candidate from generate_candidates.py — class pair: (FGFR, INSR); axis: myogenic; linker: GS_med (20 aa, flexible).
16	FGFR4_INSR__GS_med	FGFR4	INSR	GS_med	MAPK,AKT,mTOR	0.900	+1.0000	0.900	+0.9625	TOP_K_DESIGN	REJUVENATING	Heuristic candidate from generate_candidates.py — class pair: (FGFR, INSR); axis: myogenic; linker: GS_med (20 aa, flexible).
17	FGFR4_MET__GS_med	FGFR4	MET	GS_med	MAPK,AKT,STAT3	0.900	+1.0000	0.900	+0.9625	TOP_K_DESIGN	REJUVENATING	Heuristic candidate from generate_candidates.py — class pair: (FGFR, MET); axis: myogenic; linker: GS_med (20 aa, flexible).
18	MET_PDGFRA__GS_med	MET	PDGFRA	GS_med	MAPK,AKT,STAT3	0.900	+1.0000	0.900	+0.9625	TOP_K_DESIGN	REJUVENATING	Heuristic candidate from generate_candidates.py — class pair: (MET, PDGFR); axis: myogenic; linker: GS_med (20 aa, flexible).
19	MET_PDGFRB__GS_med	MET	PDGFRB	GS_med	MAPK,AKT,STAT3	0.900	+1.0000	0.900	+0.9625	TOP_K_DESIGN	REJUVENATING	Heuristic candidate from generate_candidates.py — class pair: (MET, PDGFR); axis: myogenic; linker: GS_med (20 aa, flexible).
20	ERBB2_FGFR1__GS_long	ERBB2	FGFR1	GS_long	MAPK,AKT	0.900	+0.9722	0.900	+0.9451	TOP_K_DESIGN	REJUVENATING	Heuristic candidate from generate_candidates.py — class pair: (ErbB, FGFR); axis: myogenic; linker: GS_long (40 aa, flexible).
21	ERBB2_FGFR2__GS_long	ERBB2	FGFR2	GS_long	MAPK,AKT	0.900	+0.9722	0.900	+0.9451	TOP_K_DESIGN	REJUVENATING	Heuristic candidate from generate_candidates.py — class pair: (ErbB, FGFR); axis: myogenic; linker: GS_long (40 aa, flexible).
22	ERBB2_FGFR4__GS_long	ERBB2	FGFR4	GS_long	MAPK,AKT	0.900	+0.9722	0.900	+0.9451	TOP_K_DESIGN	REJUVENATING	Heuristic candidate from generate_candidates.py — class pair: (ErbB, FGFR); axis: myogenic; linker: GS_long (40 aa, flexible).
23	ERBB2_MET__GS_long	ERBB2	MET	GS_long	MAPK,AKT,STAT3	0.900	+0.9722	0.900	+0.9451	TOP_K_DESIGN	REJUVENATING	Heuristic candidate from generate_candidates.py — class pair: (ErbB, MET); axis: myogenic; linker: GS_long (40 aa, flexible).
24	EGFR_FGFR1__GS_long	EGFR	FGFR1	GS_long	MAPK,AKT	0.900	+0.9722	0.900	+0.9451	TOP_K_DESIGN	REJUVENATING	Heuristic candidate from generate_candidates.py — class pair: (ErbB, FGFR); axis: myogenic; linker: GS_long (40 aa, flexible).
25	EGFR_FGFR2__GS_long	EGFR	FGFR2	GS_long	MAPK,AKT	0.900	+0.9722	0.900	+0.9451	TOP_K_DESIGN	REJUVENATING	Heuristic candidate from generate_candidates.py — class pair: (ErbB, FGFR); axis: myogenic; linker: GS_long (40 aa, flexible).
26	EGFR_FGFR4__GS_long	EGFR	FGFR4	GS_long	MAPK,AKT	0.900	+0.9722	0.900	+0.9451	TOP_K_DESIGN	REJUVENATING	Heuristic candidate from generate_candidates.py — class pair: (ErbB, FGFR); axis: myogenic; linker: GS_long (40 aa, flexible).
27	EGFR_MET__GS_long	EGFR	MET	GS_long	MAPK,AKT,STAT3	0.900	+0.9722	0.900	+0.9451	TOP_K_DESIGN	REJUVENATING	Heuristic candidate from generate_candidates.py — class pair: (ErbB, MET); axis: myogenic; linker: GS_long (40 aa, flexible).
28	FGFR1_IGF1R__GS_long	FGFR1	IGF1R	GS_long	MAPK,AKT,mTOR	0.900	+0.9722	0.900	+0.9451	TOP_K_DESIGN	REJUVENATING	Heuristic candidate from generate_candidates.py — class pair: (FGFR, INSR); axis: myogenic; linker: GS_long (40 aa, flexible).
29	FGFR1_INSR__GS_long	FGFR1	INSR	GS_long	MAPK,AKT,mTOR	0.900	+0.9722	0.900	+0.9451	TOP_K_DESIGN	REJUVENATING	Heuristic candidate from generate_candidates.py — class pair: (FGFR, INSR); axis: myogenic; linker: GS_long (40 aa, flexible).
30	FGFR1_MET__GS_long	FGFR1	MET	GS_long	MAPK,AKT,STAT3	0.900	+0.9722	0.900	+0.9451	TOP_K_DESIGN	REJUVENATING	Heuristic candidate from generate_candidates.py — class pair: (FGFR, MET); axis: myogenic; linker: GS_long (40 aa, flexible).
31	FGFR2_IGF1R__GS_long	FGFR2	IGF1R	GS_long	MAPK,AKT,mTOR	0.900	+0.9722	0.900	+0.9451	TOP_K_DESIGN	REJUVENATING	Heuristic candidate from generate_candidates.py — class pair: (FGFR, INSR); axis: myogenic; linker: GS_long (40 aa, flexible).
32	FGFR2_INSR__GS_long	FGFR2	INSR	GS_long	MAPK,AKT,mTOR	0.900	+0.9722	0.900	+0.9451	TOP_K_DESIGN	REJUVENATING	Heuristic candidate from generate_candidates.py — class pair: (FGFR, INSR); axis: myogenic; linker: GS_long (40 aa, flexible).
33	FGFR2_MET__GS_long	FGFR2	MET	GS_long	MAPK,AKT,STAT3	0.900	+0.9722	0.900	+0.9451	TOP_K_DESIGN	REJUVENATING	Heuristic candidate from generate_candidates.py — class pair: (FGFR, MET); axis: myogenic; linker: GS_long (40 aa, flexible).
34	FGFR4_IGF1R__GS_long	FGFR4	IGF1R	GS_long	MAPK,AKT,mTOR	0.900	+0.9722	0.900	+0.9451	TOP_K_DESIGN	REJUVENATING	Heuristic candidate from generate_candidates.py — class pair: (FGFR, INSR); axis: myogenic; linker: GS_long (40 aa, flexible).
35	FGFR4_INSR__GS_long	FGFR4	INSR	GS_long	MAPK,AKT,mTOR	0.900	+0.9722	0.900	+0.9451	TOP_K_DESIGN	REJUVENATING	Heuristic candidate from generate_candidates.py — class pair: (FGFR, INSR); axis: myogenic; linker: GS_long (40 aa, flexible).
36	FGFR4_MET__GS_long	FGFR4	MET	GS_long	MAPK,AKT,STAT3	0.900	+0.9722	0.900	+0.9451	TOP_K_DESIGN	REJUVENATING	Heuristic candidate from generate_candidates.py — class pair: (FGFR, MET); axis: myogenic; linker: GS_long (40 aa, flexible).
37	MET_PDGFRA__GS_long	MET	PDGFRA	GS_long	MAPK,AKT,STAT3	0.900	+0.9722	0.900	+0.9451	TOP_K_DESIGN	REJUVENATING	Heuristic candidate from generate_candidates.py — class pair: (MET, PDGFR); axis: myogenic; linker: GS_long (40 aa, flexible).
38	MET_PDGFRB__GS_long	MET	PDGFRB	GS_long	MAPK,AKT,STAT3	0.900	+0.9722	0.900	+0.9451	TOP_K_DESIGN	REJUVENATING	Heuristic candidate from generate_candidates.py — class pair: (MET, PDGFR); axis: myogenic; linker: GS_long (40 aa, flexible).
39	ERBB2_FGFR1__XTEN_36	ERBB2	FGFR1	XTEN_36	MAPK,AKT	0.850	+1.0000	0.850	+0.9437	TOP_K_DESIGN	REJUVENATING	Heuristic candidate from generate_candidates.py — class pair: (ErbB, FGFR); axis: myogenic; linker: XTEN_36 (36 aa, unstructured).
40	ERBB2_FGFR2__XTEN_36	ERBB2	FGFR2	XTEN_36	MAPK,AKT	0.850	+1.0000	0.850	+0.9437	TOP_K_DESIGN	REJUVENATING	Heuristic candidate from generate_candidates.py — class pair: (ErbB, FGFR); axis: myogenic; linker: XTEN_36 (36 aa, unstructured).
41	ERBB2_FGFR4__XTEN_36	ERBB2	FGFR4	XTEN_36	MAPK,AKT	0.850	+1.0000	0.850	+0.9437	TOP_K_DESIGN	REJUVENATING	Heuristic candidate from generate_candidates.py — class pair: (ErbB, FGFR); axis: myogenic; linker: XTEN_36 (36 aa, unstructured).
42	ERBB2_MET__XTEN_36	ERBB2	MET	XTEN_36	MAPK,AKT,STAT3	0.850	+1.0000	0.850	+0.9437	TOP_K_DESIGN	REJUVENATING	Heuristic candidate from generate_candidates.py — class pair: (ErbB, MET); axis: myogenic; linker: XTEN_36 (36 aa, unstructured).
43	EGFR_FGFR1__XTEN_36	EGFR	FGFR1	XTEN_36	MAPK,AKT	0.850	+1.0000	0.850	+0.9437	TOP_K_DESIGN	REJUVENATING	Heuristic candidate from generate_candidates.py — class pair: (ErbB, FGFR); axis: myogenic; linker: XTEN_36 (36 aa, unstructured).
44	EGFR_FGFR2__XTEN_36	EGFR	FGFR2	XTEN_36	MAPK,AKT	0.850	+1.0000	0.850	+0.9437	TOP_K_DESIGN	REJUVENATING	Heuristic candidate from generate_candidates.py — class pair: (ErbB, FGFR); axis: myogenic; linker: XTEN_36 (36 aa, unstructured).
45	EGFR_FGFR4__XTEN_36	EGFR	FGFR4	XTEN_36	MAPK,AKT	0.850	+1.0000	0.850	+0.9437	TOP_K_DESIGN	REJUVENATING	Heuristic candidate from generate_candidates.py — class pair: (ErbB, FGFR); axis: myogenic; linker: XTEN_36 (36 aa, unstructured).
46	EGFR_MET__XTEN_36	EGFR	MET	XTEN_36	MAPK,AKT,STAT3	0.850	+1.0000	0.850	+0.9437	TOP_K_DESIGN	REJUVENATING	Heuristic candidate from generate_candidates.py — class pair: (ErbB, MET); axis: myogenic; linker: XTEN_36 (36 aa, unstructured).
47	FGFR1_IGF1R__XTEN_36	FGFR1	IGF1R	XTEN_36	MAPK,AKT,mTOR	0.850	+1.0000	0.850	+0.9437	TOP_K_DESIGN	REJUVENATING	Heuristic candidate from generate_candidates.py — class pair: (FGFR, INSR); axis: myogenic; linker: XTEN_36 (36 aa, unstructured).
48	FGFR1_INSR__XTEN_36	FGFR1	INSR	XTEN_36	MAPK,AKT,mTOR	0.850	+1.0000	0.850	+0.9437	TOP_K_DESIGN	REJUVENATING	Heuristic candidate from generate_candidates.py — class pair: (FGFR, INSR); axis: myogenic; linker: XTEN_36 (36 aa, unstructured).
49	FGFR1_MET__XTEN_36	FGFR1	MET	XTEN_36	MAPK,AKT,STAT3	0.850	+1.0000	0.850	+0.9437	TOP_K_DESIGN	REJUVENATING	Heuristic candidate from generate_candidates.py — class pair: (FGFR, MET); axis: myogenic; linker: XTEN_36 (36 aa, unstructured).
50	FGFR2_IGF1R__XTEN_36	FGFR2	IGF1R	XTEN_36	MAPK,AKT,mTOR	0.850	+1.0000	0.850	+0.9437	TOP_K_DESIGN	REJUVENATING	Heuristic candidate from generate_candidates.py — class pair: (FGFR, INSR); axis: myogenic; linker: XTEN_36 (36 aa, unstructured).
51	FGFR2_INSR__XTEN_36	FGFR2	INSR	XTEN_36	MAPK,AKT,mTOR	0.850	+1.0000	0.850	+0.9437	TOP_K_DESIGN	REJUVENATING	Heuristic candidate from generate_candidates.py — class pair: (FGFR, INSR); axis: myogenic; linker: XTEN_36 (36 aa, unstructured).
52	FGFR2_MET__XTEN_36	FGFR2	MET	XTEN_36	MAPK,AKT,STAT3	0.850	+1.0000	0.850	+0.9437	TOP_K_DESIGN	REJUVENATING	Heuristic candidate from generate_candidates.py — class pair: (FGFR, MET); axis: myogenic; linker: XTEN_36 (36 aa, unstructured).
53	FGFR4_IGF1R__XTEN_36	FGFR4	IGF1R	XTEN_36	MAPK,AKT,mTOR	0.850	+1.0000	0.850	+0.9437	TOP_K_DESIGN	REJUVENATING	Heuristic candidate from generate_candidates.py — class pair: (FGFR, INSR); axis: myogenic; linker: XTEN_36 (36 aa, unstructured).
54	FGFR4_INSR__XTEN_36	FGFR4	INSR	XTEN_36	MAPK,AKT,mTOR	0.850	+1.0000	0.850	+0.9437	TOP_K_DESIGN	REJUVENATING	Heuristic candidate from generate_candidates.py — class pair: (FGFR, INSR); axis: myogenic; linker: XTEN_36 (36 aa, unstructured).
55	FGFR4_MET__XTEN_36	FGFR4	MET	XTEN_36	MAPK,AKT,STAT3	0.850	+1.0000	0.850	+0.9437	TOP_K_DESIGN	REJUVENATING	Heuristic candidate from generate_candidates.py — class pair: (FGFR, MET); axis: myogenic; linker: XTEN_36 (36 aa, unstructured).
56	MET_PDGFRA__XTEN_36	MET	PDGFRA	XTEN_36	MAPK,AKT,STAT3	0.850	+1.0000	0.850	+0.9437	TOP_K_DESIGN	REJUVENATING	Heuristic candidate from generate_candidates.py — class pair: (MET, PDGFR); axis: myogenic; linker: XTEN_36 (36 aa, unstructured).
57	MET_PDGFRB__XTEN_36	MET	PDGFRB	XTEN_36	MAPK,AKT,STAT3	0.850	+1.0000	0.850	+0.9437	TOP_K_DESIGN	REJUVENATING	Heuristic candidate from generate_candidates.py — class pair: (MET, PDGFR); axis: myogenic; linker: XTEN_36 (36 aa, unstructured).
58	ERBB2_FGFR1__GS_short	ERBB2	FGFR1	GS_short	MAPK,AKT	0.800	+1.0000	0.800	+0.9250	TOP_K_DESIGN	REJUVENATING	Heuristic candidate from generate_candidates.py — class pair: (ErbB, FGFR); axis: myogenic; linker: GS_short (10 aa, flexible).
59	ERBB2_FGFR1__EAAAK_x4	ERBB2	FGFR1	EAAAK_x4	MAPK,AKT	0.800	+1.0000	0.800	+0.9250	TOP_K_DESIGN	REJUVENATING	Heuristic candidate from generate_candidates.py — class pair: (ErbB, FGFR); axis: myogenic; linker: EAAAK_x4 (22 aa, rigid).
60	ERBB2_FGFR2__GS_short	ERBB2	FGFR2	GS_short	MAPK,AKT	0.800	+1.0000	0.800	+0.9250	TOP_K_DESIGN	REJUVENATING	Heuristic candidate from generate_candidates.py — class pair: (ErbB, FGFR); axis: myogenic; linker: GS_short (10 aa, flexible).
61	ERBB2_FGFR2__EAAAK_x4	ERBB2	FGFR2	EAAAK_x4	MAPK,AKT	0.800	+1.0000	0.800	+0.9250	TOP_K_DESIGN	REJUVENATING	Heuristic candidate from generate_candidates.py — class pair: (ErbB, FGFR); axis: myogenic; linker: EAAAK_x4 (22 aa, rigid).
62	ERBB2_FGFR4__GS_short	ERBB2	FGFR4	GS_short	MAPK,AKT	0.800	+1.0000	0.800	+0.9250	TOP_K_DESIGN	REJUVENATING	Heuristic candidate from generate_candidates.py — class pair: (ErbB, FGFR); axis: myogenic; linker: GS_short (10 aa, flexible).
63	ERBB2_FGFR4__EAAAK_x4	ERBB2	FGFR4	EAAAK_x4	MAPK,AKT	0.800	+1.0000	0.800	+0.9250	TOP_K_DESIGN	REJUVENATING	Heuristic candidate from generate_candidates.py — class pair: (ErbB, FGFR); axis: myogenic; linker: EAAAK_x4 (22 aa, rigid).
64	ERBB2_IGF1R__GS_med	ERBB2	IGF1R	GS_med	MAPK,AKT,mTOR	0.800	+1.0000	0.800	+0.9250	TOP_K_DESIGN	REJUVENATING	Heuristic candidate from generate_candidates.py — class pair: (ErbB, INSR); axis: myogenic; linker: GS_med (20 aa, flexible).
65	ERBB2_INSR__GS_med	ERBB2	INSR	GS_med	MAPK,AKT,mTOR	0.800	+1.0000	0.800	+0.9250	TOP_K_DESIGN	REJUVENATING	Heuristic candidate from generate_candidates.py — class pair: (ErbB, INSR); axis: myogenic; linker: GS_med (20 aa, flexible).
66	ERBB2_MET__GS_short	ERBB2	MET	GS_short	MAPK,AKT,STAT3	0.800	+1.0000	0.800	+0.9250	TOP_K_DESIGN	REJUVENATING	Heuristic candidate from generate_candidates.py — class pair: (ErbB, MET); axis: myogenic; linker: GS_short (10 aa, flexible).
67	ERBB2_MET__EAAAK_x4	ERBB2	MET	EAAAK_x4	MAPK,AKT,STAT3	0.800	+1.0000	0.800	+0.9250	TOP_K_DESIGN	REJUVENATING	Heuristic candidate from generate_candidates.py — class pair: (ErbB, MET); axis: myogenic; linker: EAAAK_x4 (22 aa, rigid).
68	EGFR_FGFR1__GS_short	EGFR	FGFR1	GS_short	MAPK,AKT	0.800	+1.0000	0.800	+0.9250	TOP_K_DESIGN	REJUVENATING	Heuristic candidate from generate_candidates.py — class pair: (ErbB, FGFR); axis: myogenic; linker: GS_short (10 aa, flexible).
69	EGFR_FGFR1__EAAAK_x4	EGFR	FGFR1	EAAAK_x4	MAPK,AKT	0.800	+1.0000	0.800	+0.9250	TOP_K_DESIGN	REJUVENATING	Heuristic candidate from generate_candidates.py — class pair: (ErbB, FGFR); axis: myogenic; linker: EAAAK_x4 (22 aa, rigid).
70	EGFR_FGFR2__GS_short	EGFR	FGFR2	GS_short	MAPK,AKT	0.800	+1.0000	0.800	+0.9250	TOP_K_DESIGN	REJUVENATING	Heuristic candidate from generate_candidates.py — class pair: (ErbB, FGFR); axis: myogenic; linker: GS_short (10 aa, flexible).
71	EGFR_FGFR2__EAAAK_x4	EGFR	FGFR2	EAAAK_x4	MAPK,AKT	0.800	+1.0000	0.800	+0.9250	TOP_K_DESIGN	REJUVENATING	Heuristic candidate from generate_candidates.py — class pair: (ErbB, FGFR); axis: myogenic; linker: EAAAK_x4 (22 aa, rigid).
72	EGFR_FGFR4__GS_short	EGFR	FGFR4	GS_short	MAPK,AKT	0.800	+1.0000	0.800	+0.9250	TOP_K_DESIGN	REJUVENATING	Heuristic candidate from generate_candidates.py — class pair: (ErbB, FGFR); axis: myogenic; linker: GS_short (10 aa, flexible).
73	EGFR_FGFR4__EAAAK_x4	EGFR	FGFR4	EAAAK_x4	MAPK,AKT	0.800	+1.0000	0.800	+0.9250	TOP_K_DESIGN	REJUVENATING	Heuristic candidate from generate_candidates.py — class pair: (ErbB, FGFR); axis: myogenic; linker: EAAAK_x4 (22 aa, rigid).
74	EGFR_IGF1R__GS_med	EGFR	IGF1R	GS_med	MAPK,AKT,mTOR	0.800	+1.0000	0.800	+0.9250	TOP_K_DESIGN	REJUVENATING	Heuristic candidate from generate_candidates.py — class pair: (ErbB, INSR); axis: myogenic; linker: GS_med (20 aa, flexible).
75	EGFR_INSR__GS_med	EGFR	INSR	GS_med	MAPK,AKT,mTOR	0.800	+1.0000	0.800	+0.9250	TOP_K_DESIGN	REJUVENATING	Heuristic candidate from generate_candidates.py — class pair: (ErbB, INSR); axis: myogenic; linker: GS_med (20 aa, flexible).
76	EGFR_MET__GS_short	EGFR	MET	GS_short	MAPK,AKT,STAT3	0.800	+1.0000	0.800	+0.9250	TOP_K_DESIGN	REJUVENATING	Heuristic candidate from generate_candidates.py — class pair: (ErbB, MET); axis: myogenic; linker: GS_short (10 aa, flexible).
77	EGFR_MET__EAAAK_x4	EGFR	MET	EAAAK_x4	MAPK,AKT,STAT3	0.800	+1.0000	0.800	+0.9250	TOP_K_DESIGN	REJUVENATING	Heuristic candidate from generate_candidates.py — class pair: (ErbB, MET); axis: myogenic; linker: EAAAK_x4 (22 aa, rigid).
78	FGFR1_IGF1R__GS_short	FGFR1	IGF1R	GS_short	MAPK,AKT,mTOR	0.800	+1.0000	0.800	+0.9250	TOP_K_DESIGN	REJUVENATING	Heuristic candidate from generate_candidates.py — class pair: (FGFR, INSR); axis: myogenic; linker: GS_short (10 aa, flexible).
79	FGFR1_IGF1R__EAAAK_x4	FGFR1	IGF1R	EAAAK_x4	MAPK,AKT,mTOR	0.800	+1.0000	0.800	+0.9250	TOP_K_DESIGN	REJUVENATING	Heuristic candidate from generate_candidates.py — class pair: (FGFR, INSR); axis: myogenic; linker: EAAAK_x4 (22 aa, rigid).
80	FGFR1_INSR__GS_short	FGFR1	INSR	GS_short	MAPK,AKT,mTOR	0.800	+1.0000	0.800	+0.9250	TOP_K_DESIGN	REJUVENATING	Heuristic candidate from generate_candidates.py — class pair: (FGFR, INSR); axis: myogenic; linker: GS_short (10 aa, flexible).
81	FGFR1_INSR__EAAAK_x4	FGFR1	INSR	EAAAK_x4	MAPK,AKT,mTOR	0.800	+1.0000	0.800	+0.9250	TOP_K_DESIGN	REJUVENATING	Heuristic candidate from generate_candidates.py — class pair: (FGFR, INSR); axis: myogenic; linker: EAAAK_x4 (22 aa, rigid).
82	FGFR1_MET__GS_short	FGFR1	MET	GS_short	MAPK,AKT,STAT3	0.800	+1.0000	0.800	+0.9250	TOP_K_DESIGN	REJUVENATING	Heuristic candidate from generate_candidates.py — class pair: (FGFR, MET); axis: myogenic; linker: GS_short (10 aa, flexible).
83	FGFR1_MET__EAAAK_x4	FGFR1	MET	EAAAK_x4	MAPK,AKT,STAT3	0.800	+1.0000	0.800	+0.9250	TOP_K_DESIGN	REJUVENATING	Heuristic candidate from generate_candidates.py — class pair: (FGFR, MET); axis: myogenic; linker: EAAAK_x4 (22 aa, rigid).
84	FGFR2_IGF1R__GS_short	FGFR2	IGF1R	GS_short	MAPK,AKT,mTOR	0.800	+1.0000	0.800	+0.9250	TOP_K_DESIGN	REJUVENATING	Heuristic candidate from generate_candidates.py — class pair: (FGFR, INSR); axis: myogenic; linker: GS_short (10 aa, flexible).
85	FGFR2_IGF1R__EAAAK_x4	FGFR2	IGF1R	EAAAK_x4	MAPK,AKT,mTOR	0.800	+1.0000	0.800	+0.9250	TOP_K_DESIGN	REJUVENATING	Heuristic candidate from generate_candidates.py — class pair: (FGFR, INSR); axis: myogenic; linker: EAAAK_x4 (22 aa, rigid).
86	FGFR2_INSR__GS_short	FGFR2	INSR	GS_short	MAPK,AKT,mTOR	0.800	+1.0000	0.800	+0.9250	TOP_K_DESIGN	REJUVENATING	Heuristic candidate from generate_candidates.py — class pair: (FGFR, INSR); axis: myogenic; linker: GS_short (10 aa, flexible).
87	FGFR2_INSR__EAAAK_x4	FGFR2	INSR	EAAAK_x4	MAPK,AKT,mTOR	0.800	+1.0000	0.800	+0.9250	TOP_K_DESIGN	REJUVENATING	Heuristic candidate from generate_candidates.py — class pair: (FGFR, INSR); axis: myogenic; linker: EAAAK_x4 (22 aa, rigid).
88	FGFR2_MET__GS_short	FGFR2	MET	GS_short	MAPK,AKT,STAT3	0.800	+1.0000	0.800	+0.9250	TOP_K_DESIGN	REJUVENATING	Heuristic candidate from generate_candidates.py — class pair: (FGFR, MET); axis: myogenic; linker: GS_short (10 aa, flexible).
89	FGFR2_MET__EAAAK_x4	FGFR2	MET	EAAAK_x4	MAPK,AKT,STAT3	0.800	+1.0000	0.800	+0.9250	TOP_K_DESIGN	REJUVENATING	Heuristic candidate from generate_candidates.py — class pair: (FGFR, MET); axis: myogenic; linker: EAAAK_x4 (22 aa, rigid).
90	FGFR4_IGF1R__GS_short	FGFR4	IGF1R	GS_short	MAPK,AKT,mTOR	0.800	+1.0000	0.800	+0.9250	TOP_K_DESIGN	REJUVENATING	Heuristic candidate from generate_candidates.py — class pair: (FGFR, INSR); axis: myogenic; linker: GS_short (10 aa, flexible).
91	FGFR4_IGF1R__EAAAK_x4	FGFR4	IGF1R	EAAAK_x4	MAPK,AKT,mTOR	0.800	+1.0000	0.800	+0.9250	TOP_K_DESIGN	REJUVENATING	Heuristic candidate from generate_candidates.py — class pair: (FGFR, INSR); axis: myogenic; linker: EAAAK_x4 (22 aa, rigid).
92	FGFR4_INSR__GS_short	FGFR4	INSR	GS_short	MAPK,AKT,mTOR	0.800	+1.0000	0.800	+0.9250	TOP_K_DESIGN	REJUVENATING	Heuristic candidate from generate_candidates.py — class pair: (FGFR, INSR); axis: myogenic; linker: GS_short (10 aa, flexible).
93	FGFR4_INSR__EAAAK_x4	FGFR4	INSR	EAAAK_x4	MAPK,AKT,mTOR	0.800	+1.0000	0.800	+0.9250	TOP_K_DESIGN	REJUVENATING	Heuristic candidate from generate_candidates.py — class pair: (FGFR, INSR); axis: myogenic; linker: EAAAK_x4 (22 aa, rigid).
94	FGFR4_MET__GS_short	FGFR4	MET	GS_short	MAPK,AKT,STAT3	0.800	+1.0000	0.800	+0.9250	TOP_K_DESIGN	REJUVENATING	Heuristic candidate from generate_candidates.py — class pair: (FGFR, MET); axis: myogenic; linker: GS_short (10 aa, flexible).
95	FGFR4_MET__EAAAK_x4	FGFR4	MET	EAAAK_x4	MAPK,AKT,STAT3	0.800	+1.0000	0.800	+0.9250	TOP_K_DESIGN	REJUVENATING	Heuristic candidate from generate_candidates.py — class pair: (FGFR, MET); axis: myogenic; linker: EAAAK_x4 (22 aa, rigid).
96	IGF1R_MET__GS_med	IGF1R	MET	GS_med	AKT,mTOR,STAT3	0.800	+1.0000	0.800	+0.9250	TOP_K_DESIGN	REJUVENATING	Heuristic candidate from generate_candidates.py — class pair: (INSR, MET); axis: myogenic; linker: GS_med (20 aa, flexible).
97	IGF1R_PDGFRA__GS_med	IGF1R	PDGFRA	GS_med	AKT,MAPK	0.800	+1.0000	0.800	+0.9250	TOP_K_DESIGN	REJUVENATING	Heuristic candidate from generate_candidates.py — class pair: (INSR, PDGFR); axis: metabolic; linker: GS_med (20 aa, flexible).
98	IGF1R_PDGFRB__GS_med	IGF1R	PDGFRB	GS_med	AKT,MAPK	0.800	+1.0000	0.800	+0.9250	TOP_K_DESIGN	REJUVENATING	Heuristic candidate from generate_candidates.py — class pair: (INSR, PDGFR); axis: metabolic; linker: GS_med (20 aa, flexible).
99	INSR_MET__GS_med	INSR	MET	GS_med	AKT,mTOR,STAT3	0.800	+1.0000	0.800	+0.9250	TOP_K_DESIGN	REJUVENATING	Heuristic candidate from generate_candidates.py — class pair: (INSR, MET); axis: myogenic; linker: GS_med (20 aa, flexible).
100	INSR_PDGFRA__GS_med	INSR	PDGFRA	GS_med	AKT,MAPK	0.800	+1.0000	0.800	+0.9250	TOP_K_DESIGN	REJUVENATING	Heuristic candidate from generate_candidates.py — class pair: (INSR, PDGFR); axis: metabolic; linker: GS_med (20 aa, flexible).
101	INSR_PDGFRB__GS_med	INSR	PDGFRB	GS_med	AKT,MAPK	0.800	+1.0000	0.800	+0.9250	TOP_K_DESIGN	REJUVENATING	Heuristic candidate from generate_candidates.py — class pair: (INSR, PDGFR); axis: metabolic; linker: GS_med (20 aa, flexible).
102	MET_PDGFRA__GS_short	MET	PDGFRA	GS_short	MAPK,AKT,STAT3	0.800	+1.0000	0.800	+0.9250	TOP_K_DESIGN	REJUVENATING	Heuristic candidate from generate_candidates.py — class pair: (MET, PDGFR); axis: myogenic; linker: GS_short (10 aa, flexible).
103	MET_PDGFRA__EAAAK_x4	MET	PDGFRA	EAAAK_x4	MAPK,AKT,STAT3	0.800	+1.0000	0.800	+0.9250	TOP_K_DESIGN	REJUVENATING	Heuristic candidate from generate_candidates.py — class pair: (MET, PDGFR); axis: myogenic; linker: EAAAK_x4 (22 aa, rigid).
104	MET_PDGFRB__GS_short	MET	PDGFRB	GS_short	MAPK,AKT,STAT3	0.800	+1.0000	0.800	+0.9250	TOP_K_DESIGN	REJUVENATING	Heuristic candidate from generate_candidates.py — class pair: (MET, PDGFR); axis: myogenic; linker: GS_short (10 aa, flexible).
105	MET_PDGFRB__EAAAK_x4	MET	PDGFRB	EAAAK_x4	MAPK,AKT,STAT3	0.800	+1.0000	0.800	+0.9250	TOP_K_DESIGN	REJUVENATING	Heuristic candidate from generate_candidates.py — class pair: (MET, PDGFR); axis: myogenic; linker: EAAAK_x4 (22 aa, rigid).
106	ERBB2_IGF1R__GS_long	ERBB2	IGF1R	GS_long	MAPK,AKT,mTOR	0.800	+0.9722	0.800	+0.9076	TOP_K_DESIGN	REJUVENATING	Heuristic candidate from generate_candidates.py — class pair: (ErbB, INSR); axis: myogenic; linker: GS_long (40 aa, flexible).
107	ERBB2_INSR__GS_long	ERBB2	INSR	GS_long	MAPK,AKT,mTOR	0.800	+0.9722	0.800	+0.9076	TOP_K_DESIGN	REJUVENATING	Heuristic candidate from generate_candidates.py — class pair: (ErbB, INSR); axis: myogenic; linker: GS_long (40 aa, flexible).
108	EGFR_IGF1R__GS_long	EGFR	IGF1R	GS_long	MAPK,AKT,mTOR	0.800	+0.9722	0.800	+0.9076	TOP_K_DESIGN	REJUVENATING	Heuristic candidate from generate_candidates.py — class pair: (ErbB, INSR); axis: myogenic; linker: GS_long (40 aa, flexible).
109	EGFR_INSR__GS_long	EGFR	INSR	GS_long	MAPK,AKT,mTOR	0.800	+0.9722	0.800	+0.9076	TOP_K_DESIGN	REJUVENATING	Heuristic candidate from generate_candidates.py — class pair: (ErbB, INSR); axis: myogenic; linker: GS_long (40 aa, flexible).
110	IGF1R_MET__GS_long	IGF1R	MET	GS_long	AKT,mTOR,STAT3	0.800	+0.9722	0.800	+0.9076	TOP_K_DESIGN	REJUVENATING	Heuristic candidate from generate_candidates.py — class pair: (INSR, MET); axis: myogenic; linker: GS_long (40 aa, flexible).
111	IGF1R_PDGFRA__GS_long	IGF1R	PDGFRA	GS_long	AKT,MAPK	0.800	+0.9722	0.800	+0.9076	TOP_K_DESIGN	REJUVENATING	Heuristic candidate from generate_candidates.py — class pair: (INSR, PDGFR); axis: metabolic; linker: GS_long (40 aa, flexible).
112	IGF1R_PDGFRB__GS_long	IGF1R	PDGFRB	GS_long	AKT,MAPK	0.800	+0.9722	0.800	+0.9076	TOP_K_DESIGN	REJUVENATING	Heuristic candidate from generate_candidates.py — class pair: (INSR, PDGFR); axis: metabolic; linker: GS_long (40 aa, flexible).
113	INSR_MET__GS_long	INSR	MET	GS_long	AKT,mTOR,STAT3	0.800	+0.9722	0.800	+0.9076	TOP_K_DESIGN	REJUVENATING	Heuristic candidate from generate_candidates.py — class pair: (INSR, MET); axis: myogenic; linker: GS_long (40 aa, flexible).
114	INSR_PDGFRA__GS_long	INSR	PDGFRA	GS_long	AKT,MAPK	0.800	+0.9722	0.800	+0.9076	TOP_K_DESIGN	REJUVENATING	Heuristic candidate from generate_candidates.py — class pair: (INSR, PDGFR); axis: metabolic; linker: GS_long (40 aa, flexible).
115	INSR_PDGFRB__GS_long	INSR	PDGFRB	GS_long	AKT,MAPK	0.800	+0.9722	0.800	+0.9076	TOP_K_DESIGN	REJUVENATING	Heuristic candidate from generate_candidates.py — class pair: (INSR, PDGFR); axis: metabolic; linker: GS_long (40 aa, flexible).
116	ERBB2_IGF1R__XTEN_36	ERBB2	IGF1R	XTEN_36	MAPK,AKT,mTOR	0.750	+1.0000	0.750	+0.9062	TOP_K_DESIGN	REJUVENATING	Heuristic candidate from generate_candidates.py — class pair: (ErbB, INSR); axis: myogenic; linker: XTEN_36 (36 aa, unstructured).
117	ERBB2_INSR__XTEN_36	ERBB2	INSR	XTEN_36	MAPK,AKT,mTOR	0.750	+1.0000	0.750	+0.9062	TOP_K_DESIGN	REJUVENATING	Heuristic candidate from generate_candidates.py — class pair: (ErbB, INSR); axis: myogenic; linker: XTEN_36 (36 aa, unstructured).
118	EGFR_IGF1R__XTEN_36	EGFR	IGF1R	XTEN_36	MAPK,AKT,mTOR	0.750	+1.0000	0.750	+0.9062	TOP_K_DESIGN	REJUVENATING	Heuristic candidate from generate_candidates.py — class pair: (ErbB, INSR); axis: myogenic; linker: XTEN_36 (36 aa, unstructured).
119	EGFR_INSR__XTEN_36	EGFR	INSR	XTEN_36	MAPK,AKT,mTOR	0.750	+1.0000	0.750	+0.9062	TOP_K_DESIGN	REJUVENATING	Heuristic candidate from generate_candidates.py — class pair: (ErbB, INSR); axis: myogenic; linker: XTEN_36 (36 aa, unstructured).
120	IGF1R_MET__XTEN_36	IGF1R	MET	XTEN_36	AKT,mTOR,STAT3	0.750	+1.0000	0.750	+0.9062	TOP_K_DESIGN	REJUVENATING	Heuristic candidate from generate_candidates.py — class pair: (INSR, MET); axis: myogenic; linker: XTEN_36 (36 aa, unstructured).
121	IGF1R_PDGFRA__XTEN_36	IGF1R	PDGFRA	XTEN_36	AKT,MAPK	0.750	+1.0000	0.750	+0.9062	TOP_K_DESIGN	REJUVENATING	Heuristic candidate from generate_candidates.py — class pair: (INSR, PDGFR); axis: metabolic; linker: XTEN_36 (36 aa, unstructured).
122	IGF1R_PDGFRB__XTEN_36	IGF1R	PDGFRB	XTEN_36	AKT,MAPK	0.750	+1.0000	0.750	+0.9062	TOP_K_DESIGN	REJUVENATING	Heuristic candidate from generate_candidates.py — class pair: (INSR, PDGFR); axis: metabolic; linker: XTEN_36 (36 aa, unstructured).
123	INSR_MET__XTEN_36	INSR	MET	XTEN_36	AKT,mTOR,STAT3	0.750	+1.0000	0.750	+0.9062	TOP_K_DESIGN	REJUVENATING	Heuristic candidate from generate_candidates.py — class pair: (INSR, MET); axis: myogenic; linker: XTEN_36 (36 aa, unstructured).
124	INSR_PDGFRA__XTEN_36	INSR	PDGFRA	XTEN_36	AKT,MAPK	0.750	+1.0000	0.750	+0.9062	TOP_K_DESIGN	REJUVENATING	Heuristic candidate from generate_candidates.py — class pair: (INSR, PDGFR); axis: metabolic; linker: XTEN_36 (36 aa, unstructured).
125	INSR_PDGFRB__XTEN_36	INSR	PDGFRB	XTEN_36	AKT,MAPK	0.750	+1.0000	0.750	+0.9062	TOP_K_DESIGN	REJUVENATING	Heuristic candidate from generate_candidates.py — class pair: (INSR, PDGFR); axis: metabolic; linker: XTEN_36 (36 aa, unstructured).
126	ERBB2_IGF1R__GS_short	ERBB2	IGF1R	GS_short	MAPK,AKT,mTOR	0.700	+1.0000	0.700	+0.8875	TOP_K_DESIGN	REJUVENATING	Heuristic candidate from generate_candidates.py — class pair: (ErbB, INSR); axis: myogenic; linker: GS_short (10 aa, flexible).
127	ERBB2_IGF1R__EAAAK_x4	ERBB2	IGF1R	EAAAK_x4	MAPK,AKT,mTOR	0.700	+1.0000	0.700	+0.8875	TOP_K_DESIGN	REJUVENATING	Heuristic candidate from generate_candidates.py — class pair: (ErbB, INSR); axis: myogenic; linker: EAAAK_x4 (22 aa, rigid).
128	ERBB2_INSR__GS_short	ERBB2	INSR	GS_short	MAPK,AKT,mTOR	0.700	+1.0000	0.700	+0.8875	TOP_K_DESIGN	REJUVENATING	Heuristic candidate from generate_candidates.py — class pair: (ErbB, INSR); axis: myogenic; linker: GS_short (10 aa, flexible).
129	ERBB2_INSR__EAAAK_x4	ERBB2	INSR	EAAAK_x4	MAPK,AKT,mTOR	0.700	+1.0000	0.700	+0.8875	TOP_K_DESIGN	REJUVENATING	Heuristic candidate from generate_candidates.py — class pair: (ErbB, INSR); axis: myogenic; linker: EAAAK_x4 (22 aa, rigid).
130	EGFR_IGF1R__GS_short	EGFR	IGF1R	GS_short	MAPK,AKT,mTOR	0.700	+1.0000	0.700	+0.8875	TOP_K_DESIGN	REJUVENATING	Heuristic candidate from generate_candidates.py — class pair: (ErbB, INSR); axis: myogenic; linker: GS_short (10 aa, flexible).
131	EGFR_IGF1R__EAAAK_x4	EGFR	IGF1R	EAAAK_x4	MAPK,AKT,mTOR	0.700	+1.0000	0.700	+0.8875	TOP_K_DESIGN	REJUVENATING	Heuristic candidate from generate_candidates.py — class pair: (ErbB, INSR); axis: myogenic; linker: EAAAK_x4 (22 aa, rigid).
132	EGFR_INSR__GS_short	EGFR	INSR	GS_short	MAPK,AKT,mTOR	0.700	+1.0000	0.700	+0.8875	TOP_K_DESIGN	REJUVENATING	Heuristic candidate from generate_candidates.py — class pair: (ErbB, INSR); axis: myogenic; linker: GS_short (10 aa, flexible).
133	EGFR_INSR__EAAAK_x4	EGFR	INSR	EAAAK_x4	MAPK,AKT,mTOR	0.700	+1.0000	0.700	+0.8875	TOP_K_DESIGN	REJUVENATING	Heuristic candidate from generate_candidates.py — class pair: (ErbB, INSR); axis: myogenic; linker: EAAAK_x4 (22 aa, rigid).
134	IGF1R_MET__GS_short	IGF1R	MET	GS_short	AKT,mTOR,STAT3	0.700	+1.0000	0.700	+0.8875	TOP_K_DESIGN	REJUVENATING	Heuristic candidate from generate_candidates.py — class pair: (INSR, MET); axis: myogenic; linker: GS_short (10 aa, flexible).
135	IGF1R_MET__EAAAK_x4	IGF1R	MET	EAAAK_x4	AKT,mTOR,STAT3	0.700	+1.0000	0.700	+0.8875	TOP_K_DESIGN	REJUVENATING	Heuristic candidate from generate_candidates.py — class pair: (INSR, MET); axis: myogenic; linker: EAAAK_x4 (22 aa, rigid).
136	IGF1R_PDGFRA__GS_short	IGF1R	PDGFRA	GS_short	AKT,MAPK	0.700	+1.0000	0.700	+0.8875	TOP_K_DESIGN	REJUVENATING	Heuristic candidate from generate_candidates.py — class pair: (INSR, PDGFR); axis: metabolic; linker: GS_short (10 aa, flexible).
137	IGF1R_PDGFRA__EAAAK_x4	IGF1R	PDGFRA	EAAAK_x4	AKT,MAPK	0.700	+1.0000	0.700	+0.8875	TOP_K_DESIGN	REJUVENATING	Heuristic candidate from generate_candidates.py — class pair: (INSR, PDGFR); axis: metabolic; linker: EAAAK_x4 (22 aa, rigid).
138	IGF1R_PDGFRB__GS_short	IGF1R	PDGFRB	GS_short	AKT,MAPK	0.700	+1.0000	0.700	+0.8875	TOP_K_DESIGN	REJUVENATING	Heuristic candidate from generate_candidates.py — class pair: (INSR, PDGFR); axis: metabolic; linker: GS_short (10 aa, flexible).
139	IGF1R_PDGFRB__EAAAK_x4	IGF1R	PDGFRB	EAAAK_x4	AKT,MAPK	0.700	+1.0000	0.700	+0.8875	TOP_K_DESIGN	REJUVENATING	Heuristic candidate from generate_candidates.py — class pair: (INSR, PDGFR); axis: metabolic; linker: EAAAK_x4 (22 aa, rigid).
140	INSR_MET__GS_short	INSR	MET	GS_short	AKT,mTOR,STAT3	0.700	+1.0000	0.700	+0.8875	TOP_K_DESIGN	REJUVENATING	Heuristic candidate from generate_candidates.py — class pair: (INSR, MET); axis: myogenic; linker: GS_short (10 aa, flexible).
141	INSR_MET__EAAAK_x4	INSR	MET	EAAAK_x4	AKT,mTOR,STAT3	0.700	+1.0000	0.700	+0.8875	TOP_K_DESIGN	REJUVENATING	Heuristic candidate from generate_candidates.py — class pair: (INSR, MET); axis: myogenic; linker: EAAAK_x4 (22 aa, rigid).
142	INSR_PDGFRA__GS_short	INSR	PDGFRA	GS_short	AKT,MAPK	0.700	+1.0000	0.700	+0.8875	TOP_K_DESIGN	REJUVENATING	Heuristic candidate from generate_candidates.py — class pair: (INSR, PDGFR); axis: metabolic; linker: GS_short (10 aa, flexible).
143	INSR_PDGFRA__EAAAK_x4	INSR	PDGFRA	EAAAK_x4	AKT,MAPK	0.700	+1.0000	0.700	+0.8875	TOP_K_DESIGN	REJUVENATING	Heuristic candidate from generate_candidates.py — class pair: (INSR, PDGFR); axis: metabolic; linker: EAAAK_x4 (22 aa, rigid).
144	INSR_PDGFRB__GS_short	INSR	PDGFRB	GS_short	AKT,MAPK	0.700	+1.0000	0.700	+0.8875	TOP_K_DESIGN	REJUVENATING	Heuristic candidate from generate_candidates.py — class pair: (INSR, PDGFR); axis: metabolic; linker: GS_short (10 aa, flexible).
145	INSR_PDGFRB__EAAAK_x4	INSR	PDGFRB	EAAAK_x4	AKT,MAPK	0.700	+1.0000	0.700	+0.8875	TOP_K_DESIGN	REJUVENATING	Heuristic candidate from generate_candidates.py — class pair: (INSR, PDGFR); axis: metabolic; linker: EAAAK_x4 (22 aa, rigid).
146	IGF1R_INSR__GS_short	IGF1R	INSR	GS_short	AKT,mTOR	0.550	+1.0000	0.550	+0.8313	TOP_K_DESIGN	REJUVENATING	Heuristic candidate from generate_candidates.py — class pair: (INSR, INSR); axis: metabolic; linker: GS_short (10 aa, flexible).
147	IGF1R_INSR__GS_med	IGF1R	INSR	GS_med	AKT,mTOR	0.550	+1.0000	0.550	+0.8313	TOP_K_DESIGN	REJUVENATING	Heuristic candidate from generate_candidates.py — class pair: (INSR, INSR); axis: metabolic; linker: GS_med (20 aa, flexible).
148	IGF1R_INSR__EAAAK_x4	IGF1R	INSR	EAAAK_x4	AKT,mTOR	0.550	+1.0000	0.550	+0.8313	TOP_K_DESIGN	REJUVENATING	Heuristic candidate from generate_candidates.py — class pair: (INSR, INSR); axis: metabolic; linker: EAAAK_x4 (22 aa, rigid).
149	IGF1R_INSR__XTEN_36	IGF1R	INSR	XTEN_36	AKT,mTOR	0.550	+1.0000	0.550	+0.8313	TOP_K_DESIGN	REJUVENATING	Heuristic candidate from generate_candidates.py — class pair: (INSR, INSR); axis: metabolic; linker: XTEN_36 (36 aa, unstructured).
150	IGF1R_INSR__GS_long	IGF1R	INSR	GS_long	AKT,mTOR	0.550	+0.9722	0.550	+0.8138	TOP_K_DESIGN	REJUVENATING	Heuristic candidate from generate_candidates.py — class pair: (INSR, INSR); axis: metabolic; linker: GS_long (40 aa, flexible).
151	ERBB2_EGFR__GS_short	ERBB2	EGFR	GS_short	MAPK,AKT	0.550	+0.7992	0.550	+0.7058	TOP_K_DESIGN	REJUVENATING	Heuristic candidate from generate_candidates.py — class pair: (ErbB, ErbB); axis: neutral; linker: GS_short (10 aa, flexible).
152	ERBB2_EGFR__GS_med	ERBB2	EGFR	GS_med	MAPK,AKT	0.550	+0.7992	0.550	+0.7058	TOP_K_DESIGN	REJUVENATING	Heuristic candidate from generate_candidates.py — class pair: (ErbB, ErbB); axis: neutral; linker: GS_med (20 aa, flexible).
153	ERBB2_EGFR__EAAAK_x4	ERBB2	EGFR	EAAAK_x4	MAPK,AKT	0.550	+0.7992	0.550	+0.7058	TOP_K_DESIGN	REJUVENATING	Heuristic candidate from generate_candidates.py — class pair: (ErbB, ErbB); axis: neutral; linker: EAAAK_x4 (22 aa, rigid).
154	ERBB2_EGFR__XTEN_36	ERBB2	EGFR	XTEN_36	MAPK,AKT	0.550	+0.7992	0.550	+0.7058	TOP_K_DESIGN	REJUVENATING	Heuristic candidate from generate_candidates.py — class pair: (ErbB, ErbB); axis: neutral; linker: XTEN_36 (36 aa, unstructured).
155	FGFR1_FGFR2__GS_short	FGFR1	FGFR2	GS_short	MAPK,PLCG	0.550	+0.7992	0.550	+0.7058	TOP_K_DESIGN	REJUVENATING	Heuristic candidate from generate_candidates.py — class pair: (FGFR, FGFR); axis: neutral; linker: GS_short (10 aa, flexible).
156	FGFR1_FGFR2__GS_med	FGFR1	FGFR2	GS_med	MAPK,PLCG	0.550	+0.7992	0.550	+0.7058	TOP_K_DESIGN	REJUVENATING	Heuristic candidate from generate_candidates.py — class pair: (FGFR, FGFR); axis: neutral; linker: GS_med (20 aa, flexible).
157	FGFR1_FGFR2__EAAAK_x4	FGFR1	FGFR2	EAAAK_x4	MAPK,PLCG	0.550	+0.7992	0.550	+0.7058	TOP_K_DESIGN	REJUVENATING	Heuristic candidate from generate_candidates.py — class pair: (FGFR, FGFR); axis: neutral; linker: EAAAK_x4 (22 aa, rigid).
158	FGFR1_FGFR2__XTEN_36	FGFR1	FGFR2	XTEN_36	MAPK,PLCG	0.550	+0.7992	0.550	+0.7058	TOP_K_DESIGN	REJUVENATING	Heuristic candidate from generate_candidates.py — class pair: (FGFR, FGFR); axis: neutral; linker: XTEN_36 (36 aa, unstructured).
159	FGFR1_FGFR4__GS_short	FGFR1	FGFR4	GS_short	MAPK,PLCG	0.550	+0.7992	0.550	+0.7058	TOP_K_DESIGN	REJUVENATING	Heuristic candidate from generate_candidates.py — class pair: (FGFR, FGFR); axis: neutral; linker: GS_short (10 aa, flexible).
160	FGFR1_FGFR4__GS_med	FGFR1	FGFR4	GS_med	MAPK,PLCG	0.550	+0.7992	0.550	+0.7058	TOP_K_DESIGN	REJUVENATING	Heuristic candidate from generate_candidates.py — class pair: (FGFR, FGFR); axis: neutral; linker: GS_med (20 aa, flexible).
161	FGFR1_FGFR4__EAAAK_x4	FGFR1	FGFR4	EAAAK_x4	MAPK,PLCG	0.550	+0.7992	0.550	+0.7058	TOP_K_DESIGN	REJUVENATING	Heuristic candidate from generate_candidates.py — class pair: (FGFR, FGFR); axis: neutral; linker: EAAAK_x4 (22 aa, rigid).
162	FGFR1_FGFR4__XTEN_36	FGFR1	FGFR4	XTEN_36	MAPK,PLCG	0.550	+0.7992	0.550	+0.7058	TOP_K_DESIGN	REJUVENATING	Heuristic candidate from generate_candidates.py — class pair: (FGFR, FGFR); axis: neutral; linker: XTEN_36 (36 aa, unstructured).
163	FGFR2_FGFR4__GS_short	FGFR2	FGFR4	GS_short	MAPK,PLCG	0.550	+0.7992	0.550	+0.7058	TOP_K_DESIGN	REJUVENATING	Heuristic candidate from generate_candidates.py — class pair: (FGFR, FGFR); axis: neutral; linker: GS_short (10 aa, flexible).
164	FGFR2_FGFR4__GS_med	FGFR2	FGFR4	GS_med	MAPK,PLCG	0.550	+0.7992	0.550	+0.7058	TOP_K_DESIGN	REJUVENATING	Heuristic candidate from generate_candidates.py — class pair: (FGFR, FGFR); axis: neutral; linker: GS_med (20 aa, flexible).
165	FGFR2_FGFR4__EAAAK_x4	FGFR2	FGFR4	EAAAK_x4	MAPK,PLCG	0.550	+0.7992	0.550	+0.7058	TOP_K_DESIGN	REJUVENATING	Heuristic candidate from generate_candidates.py — class pair: (FGFR, FGFR); axis: neutral; linker: EAAAK_x4 (22 aa, rigid).
166	FGFR2_FGFR4__XTEN_36	FGFR2	FGFR4	XTEN_36	MAPK,PLCG	0.550	+0.7992	0.550	+0.7058	TOP_K_DESIGN	REJUVENATING	Heuristic candidate from generate_candidates.py — class pair: (FGFR, FGFR); axis: neutral; linker: XTEN_36 (36 aa, unstructured).
167	ERBB2_EGFR__GS_long	ERBB2	EGFR	GS_long	MAPK,AKT	0.550	+0.5989	0.550	+0.5806	TOP_K_DESIGN	REJUVENATING	Heuristic candidate from generate_candidates.py — class pair: (ErbB, ErbB); axis: neutral; linker: GS_long (40 aa, flexible).
168	FGFR1_FGFR2__GS_long	FGFR1	FGFR2	GS_long	MAPK,PLCG	0.550	+0.5989	0.550	+0.5806	TOP_K_DESIGN	REJUVENATING	Heuristic candidate from generate_candidates.py — class pair: (FGFR, FGFR); axis: neutral; linker: GS_long (40 aa, flexible).
169	FGFR1_FGFR4__GS_long	FGFR1	FGFR4	GS_long	MAPK,PLCG	0.550	+0.5989	0.550	+0.5806	TOP_K_DESIGN	REJUVENATING	Heuristic candidate from generate_candidates.py — class pair: (FGFR, FGFR); axis: neutral; linker: GS_long (40 aa, flexible).
170	FGFR2_FGFR4__GS_long	FGFR2	FGFR4	GS_long	MAPK,PLCG	0.550	+0.5989	0.550	+0.5806	TOP_K_DESIGN	REJUVENATING	Heuristic candidate from generate_candidates.py — class pair: (FGFR, FGFR); axis: neutral; linker: GS_long (40 aa, flexible).
171	FGFR1_PDGFRA__GS_long	FGFR1	PDGFRA	GS_long	MAPK,PLCG	0.850	-0.8934	0.850	-0.2396	INCOHERENT_LOG_ONLY	ANTI-REJUVENATING	Heuristic candidate from generate_candidates.py — class pair: (FGFR, PDGFR); axis: fibrotic; linker: GS_long (40 aa, flexible).
172	FGFR1_PDGFRB__GS_long	FGFR1	PDGFRB	GS_long	MAPK,PLCG	0.850	-0.8934	0.850	-0.2396	INCOHERENT_LOG_ONLY	ANTI-REJUVENATING	Heuristic candidate from generate_candidates.py — class pair: (FGFR, PDGFR); axis: fibrotic; linker: GS_long (40 aa, flexible).
173	FGFR2_PDGFRA__GS_long	FGFR2	PDGFRA	GS_long	MAPK,PLCG	0.850	-0.8934	0.850	-0.2396	INCOHERENT_LOG_ONLY	ANTI-REJUVENATING	Heuristic candidate from generate_candidates.py — class pair: (FGFR, PDGFR); axis: fibrotic; linker: GS_long (40 aa, flexible).
174	FGFR2_PDGFRB__GS_long	FGFR2	PDGFRB	GS_long	MAPK,PLCG	0.850	-0.8934	0.850	-0.2396	INCOHERENT_LOG_ONLY	ANTI-REJUVENATING	Heuristic candidate from generate_candidates.py — class pair: (FGFR, PDGFR); axis: fibrotic; linker: GS_long (40 aa, flexible).
175	FGFR4_PDGFRA__GS_long	FGFR4	PDGFRA	GS_long	MAPK,PLCG	0.850	-0.8934	0.850	-0.2396	INCOHERENT_LOG_ONLY	ANTI-REJUVENATING	Heuristic candidate from generate_candidates.py — class pair: (FGFR, PDGFR); axis: fibrotic; linker: GS_long (40 aa, flexible).
176	FGFR4_PDGFRB__GS_long	FGFR4	PDGFRB	GS_long	MAPK,PLCG	0.850	-0.8934	0.850	-0.2396	INCOHERENT_LOG_ONLY	ANTI-REJUVENATING	Heuristic candidate from generate_candidates.py — class pair: (FGFR, PDGFR); axis: fibrotic; linker: GS_long (40 aa, flexible).
177	FGFR1_PDGFRA__GS_med	FGFR1	PDGFRA	GS_med	MAPK,PLCG	0.850	-0.9128	0.850	-0.2518	INCOHERENT_LOG_ONLY	ANTI-REJUVENATING	Heuristic candidate from generate_candidates.py — class pair: (FGFR, PDGFR); axis: fibrotic; linker: GS_med (20 aa, flexible).
178	FGFR1_PDGFRB__GS_med	FGFR1	PDGFRB	GS_med	MAPK,PLCG	0.850	-0.9128	0.850	-0.2518	INCOHERENT_LOG_ONLY	ANTI-REJUVENATING	Heuristic candidate from generate_candidates.py — class pair: (FGFR, PDGFR); axis: fibrotic; linker: GS_med (20 aa, flexible).
179	FGFR2_PDGFRA__GS_med	FGFR2	PDGFRA	GS_med	MAPK,PLCG	0.850	-0.9128	0.850	-0.2518	INCOHERENT_LOG_ONLY	ANTI-REJUVENATING	Heuristic candidate from generate_candidates.py — class pair: (FGFR, PDGFR); axis: fibrotic; linker: GS_med (20 aa, flexible).
180	FGFR2_PDGFRB__GS_med	FGFR2	PDGFRB	GS_med	MAPK,PLCG	0.850	-0.9128	0.850	-0.2518	INCOHERENT_LOG_ONLY	ANTI-REJUVENATING	Heuristic candidate from generate_candidates.py — class pair: (FGFR, PDGFR); axis: fibrotic; linker: GS_med (20 aa, flexible).
181	FGFR4_PDGFRA__GS_med	FGFR4	PDGFRA	GS_med	MAPK,PLCG	0.850	-0.9128	0.850	-0.2518	INCOHERENT_LOG_ONLY	ANTI-REJUVENATING	Heuristic candidate from generate_candidates.py — class pair: (FGFR, PDGFR); axis: fibrotic; linker: GS_med (20 aa, flexible).
182	FGFR4_PDGFRB__GS_med	FGFR4	PDGFRB	GS_med	MAPK,PLCG	0.850	-0.9128	0.850	-0.2518	INCOHERENT_LOG_ONLY	ANTI-REJUVENATING	Heuristic candidate from generate_candidates.py — class pair: (FGFR, PDGFR); axis: fibrotic; linker: GS_med (20 aa, flexible).
183	ERBB2_EPHA4__GS_long	ERBB2	EPHA4	GS_long	MAPK	0.650	-0.7992	0.650	-0.2558	INCOHERENT_LOG_ONLY	ANTI-REJUVENATING	Heuristic candidate from generate_candidates.py — class pair: (ErbB, EPH); axis: stress; linker: GS_long (40 aa, flexible).
184	EGFR_EPHA4__GS_long	EGFR	EPHA4	GS_long	MAPK	0.650	-0.7992	0.650	-0.2558	INCOHERENT_LOG_ONLY	ANTI-REJUVENATING	Heuristic candidate from generate_candidates.py — class pair: (ErbB, EPH); axis: stress; linker: GS_long (40 aa, flexible).
185	FGFR1_EPHA4__GS_long	FGFR1	EPHA4	GS_long	MAPK	0.650	-0.7992	0.650	-0.2558	INCOHERENT_LOG_ONLY	ANTI-REJUVENATING	Heuristic candidate from generate_candidates.py — class pair: (FGFR, EPH); axis: stress; linker: GS_long (40 aa, flexible).
186	FGFR2_EPHA4__GS_long	FGFR2	EPHA4	GS_long	MAPK	0.650	-0.7992	0.650	-0.2558	INCOHERENT_LOG_ONLY	ANTI-REJUVENATING	Heuristic candidate from generate_candidates.py — class pair: (FGFR, EPH); axis: stress; linker: GS_long (40 aa, flexible).
187	FGFR4_EPHA4__GS_long	FGFR4	EPHA4	GS_long	MAPK	0.650	-0.7992	0.650	-0.2558	INCOHERENT_LOG_ONLY	ANTI-REJUVENATING	Heuristic candidate from generate_candidates.py — class pair: (FGFR, EPH); axis: stress; linker: GS_long (40 aa, flexible).
188	EPHA4_NTRK2__GS_long	EPHA4	NTRK2	GS_long	MAPK	0.650	-0.7992	0.650	-0.2558	INCOHERENT_LOG_ONLY	ANTI-REJUVENATING	Heuristic candidate from generate_candidates.py — class pair: (EPH, TRK); axis: stress; linker: GS_long (40 aa, flexible).
189	ERBB2_PDGFRA__GS_long	ERBB2	PDGFRA	GS_long	MAPK,AKT,PLCG	0.750	-0.8934	0.750	-0.2771	INCOHERENT_LOG_ONLY	ANTI-REJUVENATING	Heuristic candidate from generate_candidates.py — class pair: (ErbB, PDGFR); axis: fibrotic; linker: GS_long (40 aa, flexible).
190	ERBB2_PDGFRB__GS_long	ERBB2	PDGFRB	GS_long	MAPK,AKT,PLCG	0.750	-0.8934	0.750	-0.2771	INCOHERENT_LOG_ONLY	ANTI-REJUVENATING	Heuristic candidate from generate_candidates.py — class pair: (ErbB, PDGFR); axis: fibrotic; linker: GS_long (40 aa, flexible).
191	EGFR_PDGFRA__GS_long	EGFR	PDGFRA	GS_long	MAPK,AKT,PLCG	0.750	-0.8934	0.750	-0.2771	INCOHERENT_LOG_ONLY	ANTI-REJUVENATING	Heuristic candidate from generate_candidates.py — class pair: (ErbB, PDGFR); axis: fibrotic; linker: GS_long (40 aa, flexible).
192	EGFR_PDGFRB__GS_long	EGFR	PDGFRB	GS_long	MAPK,AKT,PLCG	0.750	-0.8934	0.750	-0.2771	INCOHERENT_LOG_ONLY	ANTI-REJUVENATING	Heuristic candidate from generate_candidates.py — class pair: (ErbB, PDGFR); axis: fibrotic; linker: GS_long (40 aa, flexible).
193	ERBB2_PDGFRA__GS_med	ERBB2	PDGFRA	GS_med	MAPK,AKT,PLCG	0.750	-0.9128	0.750	-0.2893	INCOHERENT_LOG_ONLY	ANTI-REJUVENATING	Heuristic candidate from generate_candidates.py — class pair: (ErbB, PDGFR); axis: fibrotic; linker: GS_med (20 aa, flexible).
194	ERBB2_PDGFRB__GS_med	ERBB2	PDGFRB	GS_med	MAPK,AKT,PLCG	0.750	-0.9128	0.750	-0.2893	INCOHERENT_LOG_ONLY	ANTI-REJUVENATING	Heuristic candidate from generate_candidates.py — class pair: (ErbB, PDGFR); axis: fibrotic; linker: GS_med (20 aa, flexible).
195	EGFR_PDGFRA__GS_med	EGFR	PDGFRA	GS_med	MAPK,AKT,PLCG	0.750	-0.9128	0.750	-0.2893	INCOHERENT_LOG_ONLY	ANTI-REJUVENATING	Heuristic candidate from generate_candidates.py — class pair: (ErbB, PDGFR); axis: fibrotic; linker: GS_med (20 aa, flexible).
196	EGFR_PDGFRB__GS_med	EGFR	PDGFRB	GS_med	MAPK,AKT,PLCG	0.750	-0.9128	0.750	-0.2893	INCOHERENT_LOG_ONLY	ANTI-REJUVENATING	Heuristic candidate from generate_candidates.py — class pair: (ErbB, PDGFR); axis: fibrotic; linker: GS_med (20 aa, flexible).
197	MET_EPHA4__GS_long	MET	EPHA4	GS_long	MAPK	0.550	-0.7992	0.550	-0.2933	INCOHERENT_LOG_ONLY	ANTI-REJUVENATING	Heuristic candidate from generate_candidates.py — class pair: (MET, EPH); axis: stress; linker: GS_long (40 aa, flexible).
198	FGFR1_PDGFRA__GS_short	FGFR1	PDGFRA	GS_short	MAPK,PLCG	0.750	-0.9223	0.750	-0.2952	INCOHERENT_LOG_ONLY	ANTI-REJUVENATING	Heuristic candidate from generate_candidates.py — class pair: (FGFR, PDGFR); axis: fibrotic; linker: GS_short (10 aa, flexible).
199	FGFR1_PDGFRA__EAAAK_x4	FGFR1	PDGFRA	EAAAK_x4	MAPK,PLCG	0.750	-0.9223	0.750	-0.2952	INCOHERENT_LOG_ONLY	ANTI-REJUVENATING	Heuristic candidate from generate_candidates.py — class pair: (FGFR, PDGFR); axis: fibrotic; linker: EAAAK_x4 (22 aa, rigid).
200	FGFR1_PDGFRB__GS_short	FGFR1	PDGFRB	GS_short	MAPK,PLCG	0.750	-0.9223	0.750	-0.2952	INCOHERENT_LOG_ONLY	ANTI-REJUVENATING	Heuristic candidate from generate_candidates.py — class pair: (FGFR, PDGFR); axis: fibrotic; linker: GS_short (10 aa, flexible).
201	FGFR1_PDGFRB__EAAAK_x4	FGFR1	PDGFRB	EAAAK_x4	MAPK,PLCG	0.750	-0.9223	0.750	-0.2952	INCOHERENT_LOG_ONLY	ANTI-REJUVENATING	Heuristic candidate from generate_candidates.py — class pair: (FGFR, PDGFR); axis: fibrotic; linker: EAAAK_x4 (22 aa, rigid).
202	FGFR2_PDGFRA__GS_short	FGFR2	PDGFRA	GS_short	MAPK,PLCG	0.750	-0.9223	0.750	-0.2952	INCOHERENT_LOG_ONLY	ANTI-REJUVENATING	Heuristic candidate from generate_candidates.py — class pair: (FGFR, PDGFR); axis: fibrotic; linker: GS_short (10 aa, flexible).
203	FGFR2_PDGFRA__EAAAK_x4	FGFR2	PDGFRA	EAAAK_x4	MAPK,PLCG	0.750	-0.9223	0.750	-0.2952	INCOHERENT_LOG_ONLY	ANTI-REJUVENATING	Heuristic candidate from generate_candidates.py — class pair: (FGFR, PDGFR); axis: fibrotic; linker: EAAAK_x4 (22 aa, rigid).
204	FGFR2_PDGFRB__GS_short	FGFR2	PDGFRB	GS_short	MAPK,PLCG	0.750	-0.9223	0.750	-0.2952	INCOHERENT_LOG_ONLY	ANTI-REJUVENATING	Heuristic candidate from generate_candidates.py — class pair: (FGFR, PDGFR); axis: fibrotic; linker: GS_short (10 aa, flexible).
205	FGFR2_PDGFRB__EAAAK_x4	FGFR2	PDGFRB	EAAAK_x4	MAPK,PLCG	0.750	-0.9223	0.750	-0.2952	INCOHERENT_LOG_ONLY	ANTI-REJUVENATING	Heuristic candidate from generate_candidates.py — class pair: (FGFR, PDGFR); axis: fibrotic; linker: EAAAK_x4 (22 aa, rigid).
206	FGFR4_PDGFRA__GS_short	FGFR4	PDGFRA	GS_short	MAPK,PLCG	0.750	-0.9223	0.750	-0.2952	INCOHERENT_LOG_ONLY	ANTI-REJUVENATING	Heuristic candidate from generate_candidates.py — class pair: (FGFR, PDGFR); axis: fibrotic; linker: GS_short (10 aa, flexible).
207	FGFR4_PDGFRA__EAAAK_x4	FGFR4	PDGFRA	EAAAK_x4	MAPK,PLCG	0.750	-0.9223	0.750	-0.2952	INCOHERENT_LOG_ONLY	ANTI-REJUVENATING	Heuristic candidate from generate_candidates.py — class pair: (FGFR, PDGFR); axis: fibrotic; linker: EAAAK_x4 (22 aa, rigid).
208	FGFR4_PDGFRB__GS_short	FGFR4	PDGFRB	GS_short	MAPK,PLCG	0.750	-0.9223	0.750	-0.2952	INCOHERENT_LOG_ONLY	ANTI-REJUVENATING	Heuristic candidate from generate_candidates.py — class pair: (FGFR, PDGFR); axis: fibrotic; linker: GS_short (10 aa, flexible).
209	FGFR4_PDGFRB__EAAAK_x4	FGFR4	PDGFRB	EAAAK_x4	MAPK,PLCG	0.750	-0.9223	0.750	-0.2952	INCOHERENT_LOG_ONLY	ANTI-REJUVENATING	Heuristic candidate from generate_candidates.py — class pair: (FGFR, PDGFR); axis: fibrotic; linker: EAAAK_x4 (22 aa, rigid).
210	FGFR1_PDGFRA__XTEN_36	FGFR1	PDGFRA	XTEN_36	MAPK,PLCG	0.800	-0.9722	0.800	-0.3076	INCOHERENT_LOG_ONLY	ANTI-REJUVENATING	Heuristic candidate from generate_candidates.py — class pair: (FGFR, PDGFR); axis: fibrotic; linker: XTEN_36 (36 aa, unstructured).
211	FGFR1_PDGFRB__XTEN_36	FGFR1	PDGFRB	XTEN_36	MAPK,PLCG	0.800	-0.9722	0.800	-0.3076	INCOHERENT_LOG_ONLY	ANTI-REJUVENATING	Heuristic candidate from generate_candidates.py — class pair: (FGFR, PDGFR); axis: fibrotic; linker: XTEN_36 (36 aa, unstructured).
212	FGFR2_PDGFRA__XTEN_36	FGFR2	PDGFRA	XTEN_36	MAPK,PLCG	0.800	-0.9722	0.800	-0.3076	INCOHERENT_LOG_ONLY	ANTI-REJUVENATING	Heuristic candidate from generate_candidates.py — class pair: (FGFR, PDGFR); axis: fibrotic; linker: XTEN_36 (36 aa, unstructured).
213	FGFR2_PDGFRB__XTEN_36	FGFR2	PDGFRB	XTEN_36	MAPK,PLCG	0.800	-0.9722	0.800	-0.3076	INCOHERENT_LOG_ONLY	ANTI-REJUVENATING	Heuristic candidate from generate_candidates.py — class pair: (FGFR, PDGFR); axis: fibrotic; linker: XTEN_36 (36 aa, unstructured).
214	FGFR4_PDGFRA__XTEN_36	FGFR4	PDGFRA	XTEN_36	MAPK,PLCG	0.800	-0.9722	0.800	-0.3076	INCOHERENT_LOG_ONLY	ANTI-REJUVENATING	Heuristic candidate from generate_candidates.py — class pair: (FGFR, PDGFR); axis: fibrotic; linker: XTEN_36 (36 aa, unstructured).
215	FGFR4_PDGFRB__XTEN_36	FGFR4	PDGFRB	XTEN_36	MAPK,PLCG	0.800	-0.9722	0.800	-0.3076	INCOHERENT_LOG_ONLY	ANTI-REJUVENATING	Heuristic candidate from generate_candidates.py — class pair: (FGFR, PDGFR); axis: fibrotic; linker: XTEN_36 (36 aa, unstructured).
216	ERBB2_EPHA4__GS_med	ERBB2	EPHA4	GS_med	MAPK	0.650	-0.8934	0.650	-0.3146	INCOHERENT_LOG_ONLY	ANTI-REJUVENATING	Heuristic candidate from generate_candidates.py — class pair: (ErbB, EPH); axis: stress; linker: GS_med (20 aa, flexible).
217	EGFR_EPHA4__GS_med	EGFR	EPHA4	GS_med	MAPK	0.650	-0.8934	0.650	-0.3146	INCOHERENT_LOG_ONLY	ANTI-REJUVENATING	Heuristic candidate from generate_candidates.py — class pair: (ErbB, EPH); axis: stress; linker: GS_med (20 aa, flexible).
218	FGFR1_EPHA4__GS_med	FGFR1	EPHA4	GS_med	MAPK	0.650	-0.8934	0.650	-0.3146	INCOHERENT_LOG_ONLY	ANTI-REJUVENATING	Heuristic candidate from generate_candidates.py — class pair: (FGFR, EPH); axis: stress; linker: GS_med (20 aa, flexible).
219	FGFR2_EPHA4__GS_med	FGFR2	EPHA4	GS_med	MAPK	0.650	-0.8934	0.650	-0.3146	INCOHERENT_LOG_ONLY	ANTI-REJUVENATING	Heuristic candidate from generate_candidates.py — class pair: (FGFR, EPH); axis: stress; linker: GS_med (20 aa, flexible).
220	FGFR4_EPHA4__GS_med	FGFR4	EPHA4	GS_med	MAPK	0.650	-0.8934	0.650	-0.3146	INCOHERENT_LOG_ONLY	ANTI-REJUVENATING	Heuristic candidate from generate_candidates.py — class pair: (FGFR, EPH); axis: stress; linker: GS_med (20 aa, flexible).
221	EPHA4_NTRK2__GS_med	EPHA4	NTRK2	GS_med	MAPK	0.650	-0.8934	0.650	-0.3146	INCOHERENT_LOG_ONLY	ANTI-REJUVENATING	Heuristic candidate from generate_candidates.py — class pair: (EPH, TRK); axis: stress; linker: GS_med (20 aa, flexible).
222	ERBB2_NTRK2__GS_long	ERBB2	NTRK2	GS_long	(none)	0.450	-0.7992	0.450	-0.3308	INCOHERENT_LOG_ONLY	ANTI-REJUVENATING	Heuristic candidate from generate_candidates.py — class pair: (ErbB, TRK); axis: stress; linker: GS_long (40 aa, flexible).
223	EGFR_NTRK2__GS_long	EGFR	NTRK2	GS_long	(none)	0.450	-0.7992	0.450	-0.3308	INCOHERENT_LOG_ONLY	ANTI-REJUVENATING	Heuristic candidate from generate_candidates.py — class pair: (ErbB, TRK); axis: stress; linker: GS_long (40 aa, flexible).
224	FGFR1_NTRK2__GS_long	FGFR1	NTRK2	GS_long	(none)	0.450	-0.7992	0.450	-0.3308	INCOHERENT_LOG_ONLY	ANTI-REJUVENATING	Heuristic candidate from generate_candidates.py — class pair: (FGFR, TRK); axis: stress; linker: GS_long (40 aa, flexible).
225	FGFR2_NTRK2__GS_long	FGFR2	NTRK2	GS_long	(none)	0.450	-0.7992	0.450	-0.3308	INCOHERENT_LOG_ONLY	ANTI-REJUVENATING	Heuristic candidate from generate_candidates.py — class pair: (FGFR, TRK); axis: stress; linker: GS_long (40 aa, flexible).
226	FGFR4_NTRK2__GS_long	FGFR4	NTRK2	GS_long	(none)	0.450	-0.7992	0.450	-0.3308	INCOHERENT_LOG_ONLY	ANTI-REJUVENATING	Heuristic candidate from generate_candidates.py — class pair: (FGFR, TRK); axis: stress; linker: GS_long (40 aa, flexible).
227	IGF1R_EPHA4__GS_long	IGF1R	EPHA4	GS_long	(none)	0.450	-0.7992	0.450	-0.3308	INCOHERENT_LOG_ONLY	ANTI-REJUVENATING	Heuristic candidate from generate_candidates.py — class pair: (INSR, EPH); axis: stress; linker: GS_long (40 aa, flexible).
228	IGF1R_NTRK2__GS_long	IGF1R	NTRK2	GS_long	(none)	0.450	-0.7992	0.450	-0.3308	INCOHERENT_LOG_ONLY	ANTI-REJUVENATING	Heuristic candidate from generate_candidates.py — class pair: (INSR, TRK); axis: stress; linker: GS_long (40 aa, flexible).
229	INSR_EPHA4__GS_long	INSR	EPHA4	GS_long	(none)	0.450	-0.7992	0.450	-0.3308	INCOHERENT_LOG_ONLY	ANTI-REJUVENATING	Heuristic candidate from generate_candidates.py — class pair: (INSR, EPH); axis: stress; linker: GS_long (40 aa, flexible).
230	INSR_NTRK2__GS_long	INSR	NTRK2	GS_long	(none)	0.450	-0.7992	0.450	-0.3308	INCOHERENT_LOG_ONLY	ANTI-REJUVENATING	Heuristic candidate from generate_candidates.py — class pair: (INSR, TRK); axis: stress; linker: GS_long (40 aa, flexible).
231	MET_NTRK2__GS_long	MET	NTRK2	GS_long	(none)	0.450	-0.7992	0.450	-0.3308	INCOHERENT_LOG_ONLY	ANTI-REJUVENATING	Heuristic candidate from generate_candidates.py — class pair: (MET, TRK); axis: stress; linker: GS_long (40 aa, flexible).
232	PDGFRA_EPHA4__GS_long	PDGFRA	EPHA4	GS_long	(none)	0.450	-0.7992	0.450	-0.3308	INCOHERENT_LOG_ONLY	ANTI-REJUVENATING	Heuristic candidate from generate_candidates.py — class pair: (PDGFR, EPH); axis: stress; linker: GS_long (40 aa, flexible).
233	PDGFRA_NTRK2__GS_long	PDGFRA	NTRK2	GS_long	(none)	0.450	-0.7992	0.450	-0.3308	INCOHERENT_LOG_ONLY	ANTI-REJUVENATING	Heuristic candidate from generate_candidates.py — class pair: (PDGFR, TRK); axis: stress; linker: GS_long (40 aa, flexible).
234	PDGFRB_EPHA4__GS_long	PDGFRB	EPHA4	GS_long	(none)	0.450	-0.7992	0.450	-0.3308	INCOHERENT_LOG_ONLY	ANTI-REJUVENATING	Heuristic candidate from generate_candidates.py — class pair: (PDGFR, EPH); axis: stress; linker: GS_long (40 aa, flexible).
235	PDGFRB_NTRK2__GS_long	PDGFRB	NTRK2	GS_long	(none)	0.450	-0.7992	0.450	-0.3308	INCOHERENT_LOG_ONLY	ANTI-REJUVENATING	Heuristic candidate from generate_candidates.py — class pair: (PDGFR, TRK); axis: stress; linker: GS_long (40 aa, flexible).
236	ERBB2_PDGFRA__GS_short	ERBB2	PDGFRA	GS_short	MAPK,AKT,PLCG	0.650	-0.9223	0.650	-0.3327	INCOHERENT_LOG_ONLY	ANTI-REJUVENATING	Heuristic candidate from generate_candidates.py — class pair: (ErbB, PDGFR); axis: fibrotic; linker: GS_short (10 aa, flexible).
237	ERBB2_PDGFRA__EAAAK_x4	ERBB2	PDGFRA	EAAAK_x4	MAPK,AKT,PLCG	0.650	-0.9223	0.650	-0.3327	INCOHERENT_LOG_ONLY	ANTI-REJUVENATING	Heuristic candidate from generate_candidates.py — class pair: (ErbB, PDGFR); axis: fibrotic; linker: EAAAK_x4 (22 aa, rigid).
238	ERBB2_PDGFRB__GS_short	ERBB2	PDGFRB	GS_short	MAPK,AKT,PLCG	0.650	-0.9223	0.650	-0.3327	INCOHERENT_LOG_ONLY	ANTI-REJUVENATING	Heuristic candidate from generate_candidates.py — class pair: (ErbB, PDGFR); axis: fibrotic; linker: GS_short (10 aa, flexible).
239	ERBB2_PDGFRB__EAAAK_x4	ERBB2	PDGFRB	EAAAK_x4	MAPK,AKT,PLCG	0.650	-0.9223	0.650	-0.3327	INCOHERENT_LOG_ONLY	ANTI-REJUVENATING	Heuristic candidate from generate_candidates.py — class pair: (ErbB, PDGFR); axis: fibrotic; linker: EAAAK_x4 (22 aa, rigid).
240	EGFR_PDGFRA__GS_short	EGFR	PDGFRA	GS_short	MAPK,AKT,PLCG	0.650	-0.9223	0.650	-0.3327	INCOHERENT_LOG_ONLY	ANTI-REJUVENATING	Heuristic candidate from generate_candidates.py — class pair: (ErbB, PDGFR); axis: fibrotic; linker: GS_short (10 aa, flexible).
241	EGFR_PDGFRA__EAAAK_x4	EGFR	PDGFRA	EAAAK_x4	MAPK,AKT,PLCG	0.650	-0.9223	0.650	-0.3327	INCOHERENT_LOG_ONLY	ANTI-REJUVENATING	Heuristic candidate from generate_candidates.py — class pair: (ErbB, PDGFR); axis: fibrotic; linker: EAAAK_x4 (22 aa, rigid).
242	EGFR_PDGFRB__GS_short	EGFR	PDGFRB	GS_short	MAPK,AKT,PLCG	0.650	-0.9223	0.650	-0.3327	INCOHERENT_LOG_ONLY	ANTI-REJUVENATING	Heuristic candidate from generate_candidates.py — class pair: (ErbB, PDGFR); axis: fibrotic; linker: GS_short (10 aa, flexible).
243	EGFR_PDGFRB__EAAAK_x4	EGFR	PDGFRB	EAAAK_x4	MAPK,AKT,PLCG	0.650	-0.9223	0.650	-0.3327	INCOHERENT_LOG_ONLY	ANTI-REJUVENATING	Heuristic candidate from generate_candidates.py — class pair: (ErbB, PDGFR); axis: fibrotic; linker: EAAAK_x4 (22 aa, rigid).
244	ERBB2_EPHA4__XTEN_36	ERBB2	EPHA4	XTEN_36	MAPK	0.600	-0.8934	0.600	-0.3334	INCOHERENT_LOG_ONLY	ANTI-REJUVENATING	Heuristic candidate from generate_candidates.py — class pair: (ErbB, EPH); axis: stress; linker: XTEN_36 (36 aa, unstructured).
245	EGFR_EPHA4__XTEN_36	EGFR	EPHA4	XTEN_36	MAPK	0.600	-0.8934	0.600	-0.3334	INCOHERENT_LOG_ONLY	ANTI-REJUVENATING	Heuristic candidate from generate_candidates.py — class pair: (ErbB, EPH); axis: stress; linker: XTEN_36 (36 aa, unstructured).
246	FGFR1_EPHA4__XTEN_36	FGFR1	EPHA4	XTEN_36	MAPK	0.600	-0.8934	0.600	-0.3334	INCOHERENT_LOG_ONLY	ANTI-REJUVENATING	Heuristic candidate from generate_candidates.py — class pair: (FGFR, EPH); axis: stress; linker: XTEN_36 (36 aa, unstructured).
247	FGFR2_EPHA4__XTEN_36	FGFR2	EPHA4	XTEN_36	MAPK	0.600	-0.8934	0.600	-0.3334	INCOHERENT_LOG_ONLY	ANTI-REJUVENATING	Heuristic candidate from generate_candidates.py — class pair: (FGFR, EPH); axis: stress; linker: XTEN_36 (36 aa, unstructured).
248	FGFR4_EPHA4__XTEN_36	FGFR4	EPHA4	XTEN_36	MAPK	0.600	-0.8934	0.600	-0.3334	INCOHERENT_LOG_ONLY	ANTI-REJUVENATING	Heuristic candidate from generate_candidates.py — class pair: (FGFR, EPH); axis: stress; linker: XTEN_36 (36 aa, unstructured).
249	EPHA4_NTRK2__XTEN_36	EPHA4	NTRK2	XTEN_36	MAPK	0.600	-0.8934	0.600	-0.3334	INCOHERENT_LOG_ONLY	ANTI-REJUVENATING	Heuristic candidate from generate_candidates.py — class pair: (EPH, TRK); axis: stress; linker: XTEN_36 (36 aa, unstructured).
250	ERBB2_PDGFRA__XTEN_36	ERBB2	PDGFRA	XTEN_36	MAPK,AKT,PLCG	0.700	-0.9722	0.700	-0.3451	INCOHERENT_LOG_ONLY	ANTI-REJUVENATING	Heuristic candidate from generate_candidates.py — class pair: (ErbB, PDGFR); axis: fibrotic; linker: XTEN_36 (36 aa, unstructured).
251	ERBB2_PDGFRB__XTEN_36	ERBB2	PDGFRB	XTEN_36	MAPK,AKT,PLCG	0.700	-0.9722	0.700	-0.3451	INCOHERENT_LOG_ONLY	ANTI-REJUVENATING	Heuristic candidate from generate_candidates.py — class pair: (ErbB, PDGFR); axis: fibrotic; linker: XTEN_36 (36 aa, unstructured).
252	EGFR_PDGFRA__XTEN_36	EGFR	PDGFRA	XTEN_36	MAPK,AKT,PLCG	0.700	-0.9722	0.700	-0.3451	INCOHERENT_LOG_ONLY	ANTI-REJUVENATING	Heuristic candidate from generate_candidates.py — class pair: (ErbB, PDGFR); axis: fibrotic; linker: XTEN_36 (36 aa, unstructured).
253	EGFR_PDGFRB__XTEN_36	EGFR	PDGFRB	XTEN_36	MAPK,AKT,PLCG	0.700	-0.9722	0.700	-0.3451	INCOHERENT_LOG_ONLY	ANTI-REJUVENATING	Heuristic candidate from generate_candidates.py — class pair: (ErbB, PDGFR); axis: fibrotic; linker: XTEN_36 (36 aa, unstructured).
254	ERBB2_EPHA4__GS_short	ERBB2	EPHA4	GS_short	MAPK	0.550	-0.8934	0.550	-0.3521	INCOHERENT_LOG_ONLY	ANTI-REJUVENATING	Heuristic candidate from generate_candidates.py — class pair: (ErbB, EPH); axis: stress; linker: GS_short (10 aa, flexible).
255	ERBB2_EPHA4__EAAAK_x4	ERBB2	EPHA4	EAAAK_x4	MAPK	0.550	-0.8934	0.550	-0.3521	INCOHERENT_LOG_ONLY	ANTI-REJUVENATING	Heuristic candidate from generate_candidates.py — class pair: (ErbB, EPH); axis: stress; linker: EAAAK_x4 (22 aa, rigid).
256	EGFR_EPHA4__GS_short	EGFR	EPHA4	GS_short	MAPK	0.550	-0.8934	0.550	-0.3521	INCOHERENT_LOG_ONLY	ANTI-REJUVENATING	Heuristic candidate from generate_candidates.py — class pair: (ErbB, EPH); axis: stress; linker: GS_short (10 aa, flexible).
257	EGFR_EPHA4__EAAAK_x4	EGFR	EPHA4	EAAAK_x4	MAPK	0.550	-0.8934	0.550	-0.3521	INCOHERENT_LOG_ONLY	ANTI-REJUVENATING	Heuristic candidate from generate_candidates.py — class pair: (ErbB, EPH); axis: stress; linker: EAAAK_x4 (22 aa, rigid).
258	FGFR1_EPHA4__GS_short	FGFR1	EPHA4	GS_short	MAPK	0.550	-0.8934	0.550	-0.3521	INCOHERENT_LOG_ONLY	ANTI-REJUVENATING	Heuristic candidate from generate_candidates.py — class pair: (FGFR, EPH); axis: stress; linker: GS_short (10 aa, flexible).
259	FGFR1_EPHA4__EAAAK_x4	FGFR1	EPHA4	EAAAK_x4	MAPK	0.550	-0.8934	0.550	-0.3521	INCOHERENT_LOG_ONLY	ANTI-REJUVENATING	Heuristic candidate from generate_candidates.py — class pair: (FGFR, EPH); axis: stress; linker: EAAAK_x4 (22 aa, rigid).
260	FGFR2_EPHA4__GS_short	FGFR2	EPHA4	GS_short	MAPK	0.550	-0.8934	0.550	-0.3521	INCOHERENT_LOG_ONLY	ANTI-REJUVENATING	Heuristic candidate from generate_candidates.py — class pair: (FGFR, EPH); axis: stress; linker: GS_short (10 aa, flexible).
261	FGFR2_EPHA4__EAAAK_x4	FGFR2	EPHA4	EAAAK_x4	MAPK	0.550	-0.8934	0.550	-0.3521	INCOHERENT_LOG_ONLY	ANTI-REJUVENATING	Heuristic candidate from generate_candidates.py — class pair: (FGFR, EPH); axis: stress; linker: EAAAK_x4 (22 aa, rigid).
262	FGFR4_EPHA4__GS_short	FGFR4	EPHA4	GS_short	MAPK	0.550	-0.8934	0.550	-0.3521	INCOHERENT_LOG_ONLY	ANTI-REJUVENATING	Heuristic candidate from generate_candidates.py — class pair: (FGFR, EPH); axis: stress; linker: GS_short (10 aa, flexible).
263	FGFR4_EPHA4__EAAAK_x4	FGFR4	EPHA4	EAAAK_x4	MAPK	0.550	-0.8934	0.550	-0.3521	INCOHERENT_LOG_ONLY	ANTI-REJUVENATING	Heuristic candidate from generate_candidates.py — class pair: (FGFR, EPH); axis: stress; linker: EAAAK_x4 (22 aa, rigid).
264	MET_EPHA4__GS_med	MET	EPHA4	GS_med	MAPK	0.550	-0.8934	0.550	-0.3521	INCOHERENT_LOG_ONLY	ANTI-REJUVENATING	Heuristic candidate from generate_candidates.py — class pair: (MET, EPH); axis: stress; linker: GS_med (20 aa, flexible).
265	PDGFRA_PDGFRB__GS_long	PDGFRA	PDGFRB	GS_long	MAPK,PLCG,STAT3	0.550	-0.8934	0.550	-0.3521	INCOHERENT_LOG_ONLY	ANTI-REJUVENATING	Heuristic candidate from generate_candidates.py — class pair: (PDGFR, PDGFR); axis: fibrotic; linker: GS_long (40 aa, flexible).
266	EPHA4_NTRK2__GS_short	EPHA4	NTRK2	GS_short	MAPK	0.550	-0.8934	0.550	-0.3521	INCOHERENT_LOG_ONLY	ANTI-REJUVENATING	Heuristic candidate from generate_candidates.py — class pair: (EPH, TRK); axis: stress; linker: GS_short (10 aa, flexible).
267	EPHA4_NTRK2__EAAAK_x4	EPHA4	NTRK2	EAAAK_x4	MAPK	0.550	-0.8934	0.550	-0.3521	INCOHERENT_LOG_ONLY	ANTI-REJUVENATING	Heuristic candidate from generate_candidates.py — class pair: (EPH, TRK); axis: stress; linker: EAAAK_x4 (22 aa, rigid).
268	PDGFRA_PDGFRB__GS_med	PDGFRA	PDGFRB	GS_med	MAPK,PLCG,STAT3	0.550	-0.9128	0.550	-0.3643	INCOHERENT_LOG_ONLY	ANTI-REJUVENATING	Heuristic candidate from generate_candidates.py — class pair: (PDGFR, PDGFR); axis: fibrotic; linker: GS_med (20 aa, flexible).
269	PDGFRA_PDGFRB__GS_short	PDGFRA	PDGFRB	GS_short	MAPK,PLCG,STAT3	0.550	-0.9223	0.550	-0.3702	INCOHERENT_LOG_ONLY	ANTI-REJUVENATING	Heuristic candidate from generate_candidates.py — class pair: (PDGFR, PDGFR); axis: fibrotic; linker: GS_short (10 aa, flexible).
270	PDGFRA_PDGFRB__EAAAK_x4	PDGFRA	PDGFRB	EAAAK_x4	MAPK,PLCG,STAT3	0.550	-0.9223	0.550	-0.3702	INCOHERENT_LOG_ONLY	ANTI-REJUVENATING	Heuristic candidate from generate_candidates.py — class pair: (PDGFR, PDGFR); axis: fibrotic; linker: EAAAK_x4 (22 aa, rigid).
271	MET_EPHA4__XTEN_36	MET	EPHA4	XTEN_36	MAPK	0.500	-0.8934	0.500	-0.3709	INCOHERENT_LOG_ONLY	ANTI-REJUVENATING	Heuristic candidate from generate_candidates.py — class pair: (MET, EPH); axis: stress; linker: XTEN_36 (36 aa, unstructured).
272	ERBB2_NTRK2__GS_med	ERBB2	NTRK2	GS_med	(none)	0.450	-0.8934	0.450	-0.3896	INCOHERENT_LOG_ONLY	ANTI-REJUVENATING	Heuristic candidate from generate_candidates.py — class pair: (ErbB, TRK); axis: stress; linker: GS_med (20 aa, flexible).
273	EGFR_NTRK2__GS_med	EGFR	NTRK2	GS_med	(none)	0.450	-0.8934	0.450	-0.3896	INCOHERENT_LOG_ONLY	ANTI-REJUVENATING	Heuristic candidate from generate_candidates.py — class pair: (ErbB, TRK); axis: stress; linker: GS_med (20 aa, flexible).
274	FGFR1_NTRK2__GS_med	FGFR1	NTRK2	GS_med	(none)	0.450	-0.8934	0.450	-0.3896	INCOHERENT_LOG_ONLY	ANTI-REJUVENATING	Heuristic candidate from generate_candidates.py — class pair: (FGFR, TRK); axis: stress; linker: GS_med (20 aa, flexible).
275	FGFR2_NTRK2__GS_med	FGFR2	NTRK2	GS_med	(none)	0.450	-0.8934	0.450	-0.3896	INCOHERENT_LOG_ONLY	ANTI-REJUVENATING	Heuristic candidate from generate_candidates.py — class pair: (FGFR, TRK); axis: stress; linker: GS_med (20 aa, flexible).
276	FGFR4_NTRK2__GS_med	FGFR4	NTRK2	GS_med	(none)	0.450	-0.8934	0.450	-0.3896	INCOHERENT_LOG_ONLY	ANTI-REJUVENATING	Heuristic candidate from generate_candidates.py — class pair: (FGFR, TRK); axis: stress; linker: GS_med (20 aa, flexible).
277	IGF1R_EPHA4__GS_med	IGF1R	EPHA4	GS_med	(none)	0.450	-0.8934	0.450	-0.3896	INCOHERENT_LOG_ONLY	ANTI-REJUVENATING	Heuristic candidate from generate_candidates.py — class pair: (INSR, EPH); axis: stress; linker: GS_med (20 aa, flexible).
278	IGF1R_NTRK2__GS_med	IGF1R	NTRK2	GS_med	(none)	0.450	-0.8934	0.450	-0.3896	INCOHERENT_LOG_ONLY	ANTI-REJUVENATING	Heuristic candidate from generate_candidates.py — class pair: (INSR, TRK); axis: stress; linker: GS_med (20 aa, flexible).
279	INSR_EPHA4__GS_med	INSR	EPHA4	GS_med	(none)	0.450	-0.8934	0.450	-0.3896	INCOHERENT_LOG_ONLY	ANTI-REJUVENATING	Heuristic candidate from generate_candidates.py — class pair: (INSR, EPH); axis: stress; linker: GS_med (20 aa, flexible).
280	INSR_NTRK2__GS_med	INSR	NTRK2	GS_med	(none)	0.450	-0.8934	0.450	-0.3896	INCOHERENT_LOG_ONLY	ANTI-REJUVENATING	Heuristic candidate from generate_candidates.py — class pair: (INSR, TRK); axis: stress; linker: GS_med (20 aa, flexible).
281	MET_EPHA4__GS_short	MET	EPHA4	GS_short	MAPK	0.450	-0.8934	0.450	-0.3896	INCOHERENT_LOG_ONLY	ANTI-REJUVENATING	Heuristic candidate from generate_candidates.py — class pair: (MET, EPH); axis: stress; linker: GS_short (10 aa, flexible).
282	MET_EPHA4__EAAAK_x4	MET	EPHA4	EAAAK_x4	MAPK	0.450	-0.8934	0.450	-0.3896	INCOHERENT_LOG_ONLY	ANTI-REJUVENATING	Heuristic candidate from generate_candidates.py — class pair: (MET, EPH); axis: stress; linker: EAAAK_x4 (22 aa, rigid).
283	MET_NTRK2__GS_med	MET	NTRK2	GS_med	(none)	0.450	-0.8934	0.450	-0.3896	INCOHERENT_LOG_ONLY	ANTI-REJUVENATING	Heuristic candidate from generate_candidates.py — class pair: (MET, TRK); axis: stress; linker: GS_med (20 aa, flexible).
284	PDGFRA_EPHA4__GS_med	PDGFRA	EPHA4	GS_med	(none)	0.450	-0.8934	0.450	-0.3896	INCOHERENT_LOG_ONLY	ANTI-REJUVENATING	Heuristic candidate from generate_candidates.py — class pair: (PDGFR, EPH); axis: stress; linker: GS_med (20 aa, flexible).
285	PDGFRA_NTRK2__GS_med	PDGFRA	NTRK2	GS_med	(none)	0.450	-0.8934	0.450	-0.3896	INCOHERENT_LOG_ONLY	ANTI-REJUVENATING	Heuristic candidate from generate_candidates.py — class pair: (PDGFR, TRK); axis: stress; linker: GS_med (20 aa, flexible).
286	PDGFRB_EPHA4__GS_med	PDGFRB	EPHA4	GS_med	(none)	0.450	-0.8934	0.450	-0.3896	INCOHERENT_LOG_ONLY	ANTI-REJUVENATING	Heuristic candidate from generate_candidates.py — class pair: (PDGFR, EPH); axis: stress; linker: GS_med (20 aa, flexible).
287	PDGFRB_NTRK2__GS_med	PDGFRB	NTRK2	GS_med	(none)	0.450	-0.8934	0.450	-0.3896	INCOHERENT_LOG_ONLY	ANTI-REJUVENATING	Heuristic candidate from generate_candidates.py — class pair: (PDGFR, TRK); axis: stress; linker: GS_med (20 aa, flexible).
288	PDGFRA_PDGFRB__XTEN_36	PDGFRA	PDGFRB	XTEN_36	MAPK,PLCG,STAT3	0.550	-0.9722	0.550	-0.4013	INCOHERENT_LOG_ONLY	ANTI-REJUVENATING	Heuristic candidate from generate_candidates.py — class pair: (PDGFR, PDGFR); axis: fibrotic; linker: XTEN_36 (36 aa, unstructured).
289	ERBB2_NTRK2__XTEN_36	ERBB2	NTRK2	XTEN_36	(none)	0.400	-0.8934	0.400	-0.4084	INCOHERENT_LOG_ONLY	ANTI-REJUVENATING	Heuristic candidate from generate_candidates.py — class pair: (ErbB, TRK); axis: stress; linker: XTEN_36 (36 aa, unstructured).
290	EGFR_NTRK2__XTEN_36	EGFR	NTRK2	XTEN_36	(none)	0.400	-0.8934	0.400	-0.4084	INCOHERENT_LOG_ONLY	ANTI-REJUVENATING	Heuristic candidate from generate_candidates.py — class pair: (ErbB, TRK); axis: stress; linker: XTEN_36 (36 aa, unstructured).
291	FGFR1_NTRK2__XTEN_36	FGFR1	NTRK2	XTEN_36	(none)	0.400	-0.8934	0.400	-0.4084	INCOHERENT_LOG_ONLY	ANTI-REJUVENATING	Heuristic candidate from generate_candidates.py — class pair: (FGFR, TRK); axis: stress; linker: XTEN_36 (36 aa, unstructured).
292	FGFR2_NTRK2__XTEN_36	FGFR2	NTRK2	XTEN_36	(none)	0.400	-0.8934	0.400	-0.4084	INCOHERENT_LOG_ONLY	ANTI-REJUVENATING	Heuristic candidate from generate_candidates.py — class pair: (FGFR, TRK); axis: stress; linker: XTEN_36 (36 aa, unstructured).
293	FGFR4_NTRK2__XTEN_36	FGFR4	NTRK2	XTEN_36	(none)	0.400	-0.8934	0.400	-0.4084	INCOHERENT_LOG_ONLY	ANTI-REJUVENATING	Heuristic candidate from generate_candidates.py — class pair: (FGFR, TRK); axis: stress; linker: XTEN_36 (36 aa, unstructured).
294	IGF1R_EPHA4__XTEN_36	IGF1R	EPHA4	XTEN_36	(none)	0.400	-0.8934	0.400	-0.4084	INCOHERENT_LOG_ONLY	ANTI-REJUVENATING	Heuristic candidate from generate_candidates.py — class pair: (INSR, EPH); axis: stress; linker: XTEN_36 (36 aa, unstructured).
295	IGF1R_NTRK2__XTEN_36	IGF1R	NTRK2	XTEN_36	(none)	0.400	-0.8934	0.400	-0.4084	INCOHERENT_LOG_ONLY	ANTI-REJUVENATING	Heuristic candidate from generate_candidates.py — class pair: (INSR, TRK); axis: stress; linker: XTEN_36 (36 aa, unstructured).
296	INSR_EPHA4__XTEN_36	INSR	EPHA4	XTEN_36	(none)	0.400	-0.8934	0.400	-0.4084	INCOHERENT_LOG_ONLY	ANTI-REJUVENATING	Heuristic candidate from generate_candidates.py — class pair: (INSR, EPH); axis: stress; linker: XTEN_36 (36 aa, unstructured).
297	INSR_NTRK2__XTEN_36	INSR	NTRK2	XTEN_36	(none)	0.400	-0.8934	0.400	-0.4084	INCOHERENT_LOG_ONLY	ANTI-REJUVENATING	Heuristic candidate from generate_candidates.py — class pair: (INSR, TRK); axis: stress; linker: XTEN_36 (36 aa, unstructured).
298	MET_NTRK2__XTEN_36	MET	NTRK2	XTEN_36	(none)	0.400	-0.8934	0.400	-0.4084	INCOHERENT_LOG_ONLY	ANTI-REJUVENATING	Heuristic candidate from generate_candidates.py — class pair: (MET, TRK); axis: stress; linker: XTEN_36 (36 aa, unstructured).
299	PDGFRA_EPHA4__XTEN_36	PDGFRA	EPHA4	XTEN_36	(none)	0.400	-0.8934	0.400	-0.4084	INCOHERENT_LOG_ONLY	ANTI-REJUVENATING	Heuristic candidate from generate_candidates.py — class pair: (PDGFR, EPH); axis: stress; linker: XTEN_36 (36 aa, unstructured).
300	PDGFRA_NTRK2__XTEN_36	PDGFRA	NTRK2	XTEN_36	(none)	0.400	-0.8934	0.400	-0.4084	INCOHERENT_LOG_ONLY	ANTI-REJUVENATING	Heuristic candidate from generate_candidates.py — class pair: (PDGFR, TRK); axis: stress; linker: XTEN_36 (36 aa, unstructured).
301	PDGFRB_EPHA4__XTEN_36	PDGFRB	EPHA4	XTEN_36	(none)	0.400	-0.8934	0.400	-0.4084	INCOHERENT_LOG_ONLY	ANTI-REJUVENATING	Heuristic candidate from generate_candidates.py — class pair: (PDGFR, EPH); axis: stress; linker: XTEN_36 (36 aa, unstructured).
302	PDGFRB_NTRK2__XTEN_36	PDGFRB	NTRK2	XTEN_36	(none)	0.400	-0.8934	0.400	-0.4084	INCOHERENT_LOG_ONLY	ANTI-REJUVENATING	Heuristic candidate from generate_candidates.py — class pair: (PDGFR, TRK); axis: stress; linker: XTEN_36 (36 aa, unstructured).
303	ERBB2_NTRK2__GS_short	ERBB2	NTRK2	GS_short	(none)	0.350	-0.8934	0.350	-0.4271	INCOHERENT_LOG_ONLY	ANTI-REJUVENATING	Heuristic candidate from generate_candidates.py — class pair: (ErbB, TRK); axis: stress; linker: GS_short (10 aa, flexible).
304	ERBB2_NTRK2__EAAAK_x4	ERBB2	NTRK2	EAAAK_x4	(none)	0.350	-0.8934	0.350	-0.4271	INCOHERENT_LOG_ONLY	ANTI-REJUVENATING	Heuristic candidate from generate_candidates.py — class pair: (ErbB, TRK); axis: stress; linker: EAAAK_x4 (22 aa, rigid).
305	EGFR_NTRK2__GS_short	EGFR	NTRK2	GS_short	(none)	0.350	-0.8934	0.350	-0.4271	INCOHERENT_LOG_ONLY	ANTI-REJUVENATING	Heuristic candidate from generate_candidates.py — class pair: (ErbB, TRK); axis: stress; linker: GS_short (10 aa, flexible).
306	EGFR_NTRK2__EAAAK_x4	EGFR	NTRK2	EAAAK_x4	(none)	0.350	-0.8934	0.350	-0.4271	INCOHERENT_LOG_ONLY	ANTI-REJUVENATING	Heuristic candidate from generate_candidates.py — class pair: (ErbB, TRK); axis: stress; linker: EAAAK_x4 (22 aa, rigid).
307	FGFR1_NTRK2__GS_short	FGFR1	NTRK2	GS_short	(none)	0.350	-0.8934	0.350	-0.4271	INCOHERENT_LOG_ONLY	ANTI-REJUVENATING	Heuristic candidate from generate_candidates.py — class pair: (FGFR, TRK); axis: stress; linker: GS_short (10 aa, flexible).
308	FGFR1_NTRK2__EAAAK_x4	FGFR1	NTRK2	EAAAK_x4	(none)	0.350	-0.8934	0.350	-0.4271	INCOHERENT_LOG_ONLY	ANTI-REJUVENATING	Heuristic candidate from generate_candidates.py — class pair: (FGFR, TRK); axis: stress; linker: EAAAK_x4 (22 aa, rigid).
309	FGFR2_NTRK2__GS_short	FGFR2	NTRK2	GS_short	(none)	0.350	-0.8934	0.350	-0.4271	INCOHERENT_LOG_ONLY	ANTI-REJUVENATING	Heuristic candidate from generate_candidates.py — class pair: (FGFR, TRK); axis: stress; linker: GS_short (10 aa, flexible).
310	FGFR2_NTRK2__EAAAK_x4	FGFR2	NTRK2	EAAAK_x4	(none)	0.350	-0.8934	0.350	-0.4271	INCOHERENT_LOG_ONLY	ANTI-REJUVENATING	Heuristic candidate from generate_candidates.py — class pair: (FGFR, TRK); axis: stress; linker: EAAAK_x4 (22 aa, rigid).
311	FGFR4_NTRK2__GS_short	FGFR4	NTRK2	GS_short	(none)	0.350	-0.8934	0.350	-0.4271	INCOHERENT_LOG_ONLY	ANTI-REJUVENATING	Heuristic candidate from generate_candidates.py — class pair: (FGFR, TRK); axis: stress; linker: GS_short (10 aa, flexible).
312	FGFR4_NTRK2__EAAAK_x4	FGFR4	NTRK2	EAAAK_x4	(none)	0.350	-0.8934	0.350	-0.4271	INCOHERENT_LOG_ONLY	ANTI-REJUVENATING	Heuristic candidate from generate_candidates.py — class pair: (FGFR, TRK); axis: stress; linker: EAAAK_x4 (22 aa, rigid).
313	IGF1R_EPHA4__GS_short	IGF1R	EPHA4	GS_short	(none)	0.350	-0.8934	0.350	-0.4271	INCOHERENT_LOG_ONLY	ANTI-REJUVENATING	Heuristic candidate from generate_candidates.py — class pair: (INSR, EPH); axis: stress; linker: GS_short (10 aa, flexible).
314	IGF1R_EPHA4__EAAAK_x4	IGF1R	EPHA4	EAAAK_x4	(none)	0.350	-0.8934	0.350	-0.4271	INCOHERENT_LOG_ONLY	ANTI-REJUVENATING	Heuristic candidate from generate_candidates.py — class pair: (INSR, EPH); axis: stress; linker: EAAAK_x4 (22 aa, rigid).
315	IGF1R_NTRK2__GS_short	IGF1R	NTRK2	GS_short	(none)	0.350	-0.8934	0.350	-0.4271	INCOHERENT_LOG_ONLY	ANTI-REJUVENATING	Heuristic candidate from generate_candidates.py — class pair: (INSR, TRK); axis: stress; linker: GS_short (10 aa, flexible).
316	IGF1R_NTRK2__EAAAK_x4	IGF1R	NTRK2	EAAAK_x4	(none)	0.350	-0.8934	0.350	-0.4271	INCOHERENT_LOG_ONLY	ANTI-REJUVENATING	Heuristic candidate from generate_candidates.py — class pair: (INSR, TRK); axis: stress; linker: EAAAK_x4 (22 aa, rigid).
317	INSR_EPHA4__GS_short	INSR	EPHA4	GS_short	(none)	0.350	-0.8934	0.350	-0.4271	INCOHERENT_LOG_ONLY	ANTI-REJUVENATING	Heuristic candidate from generate_candidates.py — class pair: (INSR, EPH); axis: stress; linker: GS_short (10 aa, flexible).
318	INSR_EPHA4__EAAAK_x4	INSR	EPHA4	EAAAK_x4	(none)	0.350	-0.8934	0.350	-0.4271	INCOHERENT_LOG_ONLY	ANTI-REJUVENATING	Heuristic candidate from generate_candidates.py — class pair: (INSR, EPH); axis: stress; linker: EAAAK_x4 (22 aa, rigid).
319	INSR_NTRK2__GS_short	INSR	NTRK2	GS_short	(none)	0.350	-0.8934	0.350	-0.4271	INCOHERENT_LOG_ONLY	ANTI-REJUVENATING	Heuristic candidate from generate_candidates.py — class pair: (INSR, TRK); axis: stress; linker: GS_short (10 aa, flexible).
320	INSR_NTRK2__EAAAK_x4	INSR	NTRK2	EAAAK_x4	(none)	0.350	-0.8934	0.350	-0.4271	INCOHERENT_LOG_ONLY	ANTI-REJUVENATING	Heuristic candidate from generate_candidates.py — class pair: (INSR, TRK); axis: stress; linker: EAAAK_x4 (22 aa, rigid).
321	MET_NTRK2__GS_short	MET	NTRK2	GS_short	(none)	0.350	-0.8934	0.350	-0.4271	INCOHERENT_LOG_ONLY	ANTI-REJUVENATING	Heuristic candidate from generate_candidates.py — class pair: (MET, TRK); axis: stress; linker: GS_short (10 aa, flexible).
322	MET_NTRK2__EAAAK_x4	MET	NTRK2	EAAAK_x4	(none)	0.350	-0.8934	0.350	-0.4271	INCOHERENT_LOG_ONLY	ANTI-REJUVENATING	Heuristic candidate from generate_candidates.py — class pair: (MET, TRK); axis: stress; linker: EAAAK_x4 (22 aa, rigid).
323	PDGFRA_EPHA4__GS_short	PDGFRA	EPHA4	GS_short	(none)	0.350	-0.8934	0.350	-0.4271	INCOHERENT_LOG_ONLY	ANTI-REJUVENATING	Heuristic candidate from generate_candidates.py — class pair: (PDGFR, EPH); axis: stress; linker: GS_short (10 aa, flexible).
324	PDGFRA_EPHA4__EAAAK_x4	PDGFRA	EPHA4	EAAAK_x4	(none)	0.350	-0.8934	0.350	-0.4271	INCOHERENT_LOG_ONLY	ANTI-REJUVENATING	Heuristic candidate from generate_candidates.py — class pair: (PDGFR, EPH); axis: stress; linker: EAAAK_x4 (22 aa, rigid).
325	PDGFRA_NTRK2__GS_short	PDGFRA	NTRK2	GS_short	(none)	0.350	-0.8934	0.350	-0.4271	INCOHERENT_LOG_ONLY	ANTI-REJUVENATING	Heuristic candidate from generate_candidates.py — class pair: (PDGFR, TRK); axis: stress; linker: GS_short (10 aa, flexible).
326	PDGFRA_NTRK2__EAAAK_x4	PDGFRA	NTRK2	EAAAK_x4	(none)	0.350	-0.8934	0.350	-0.4271	INCOHERENT_LOG_ONLY	ANTI-REJUVENATING	Heuristic candidate from generate_candidates.py — class pair: (PDGFR, TRK); axis: stress; linker: EAAAK_x4 (22 aa, rigid).
327	PDGFRB_EPHA4__GS_short	PDGFRB	EPHA4	GS_short	(none)	0.350	-0.8934	0.350	-0.4271	INCOHERENT_LOG_ONLY	ANTI-REJUVENATING	Heuristic candidate from generate_candidates.py — class pair: (PDGFR, EPH); axis: stress; linker: GS_short (10 aa, flexible).
328	PDGFRB_EPHA4__EAAAK_x4	PDGFRB	EPHA4	EAAAK_x4	(none)	0.350	-0.8934	0.350	-0.4271	INCOHERENT_LOG_ONLY	ANTI-REJUVENATING	Heuristic candidate from generate_candidates.py — class pair: (PDGFR, EPH); axis: stress; linker: EAAAK_x4 (22 aa, rigid).
329	PDGFRB_NTRK2__GS_short	PDGFRB	NTRK2	GS_short	(none)	0.350	-0.8934	0.350	-0.4271	INCOHERENT_LOG_ONLY	ANTI-REJUVENATING	Heuristic candidate from generate_candidates.py — class pair: (PDGFR, TRK); axis: stress; linker: GS_short (10 aa, flexible).
330	PDGFRB_NTRK2__EAAAK_x4	PDGFRB	NTRK2	EAAAK_x4	(none)	0.350	-0.8934	0.350	-0.4271	INCOHERENT_LOG_ONLY	ANTI-REJUVENATING	Heuristic candidate from generate_candidates.py — class pair: (PDGFR, TRK); axis: stress; linker: EAAAK_x4 (22 aa, rigid).
