gene,log2fc,pval,padj,direction,cell_type
FKBP5,2.5949562,1.1721219703680672e-73,2.353565101167157e-70,up,excitatory_neuron
RHBDL3,2.2677407,1.652982126768974e-72,3.030491188672492e-69,up,excitatory_neuron
SEMA3A,1.4475446,8.716847084281562e-70,1.5315137125120858e-66,up,excitatory_neuron
SNTG2,1.8168552,7.134922904750866e-67,1.1142899782393693e-63,up,excitatory_neuron
CLU,1.3771046,6.73056137955374e-63,9.155083280375567e-60,up,excitatory_neuron
GPC5,1.1169903,1.1396786848039659e-62,1.501775971941526e-59,up,excitatory_neuron
WIPF3,1.332761,1.287294830910644e-57,1.1800295898915027e-54,up,excitatory_neuron
AVPI1,2.079691,1.78592721450407e-56,1.5688998511248566e-53,up,excitatory_neuron
TSIX,1.0470483,9.538446615339228e-52,6.703461307150154e-49,up,excitatory_neuron
SPOCK3,1.2819076,1.317770546172444e-47,7.717559808396312e-45,up,excitatory_neuron
KDELR3,0.9987699,4.023787753685944e-45,2.1752699770471177e-42,up,excitatory_neuron
YJU2,2.1014917,2.2634764685193167e-44,1.1639513688787077e-41,up,excitatory_neuron
LINC02253,1.4109211,1.6428016515499238e-42,7.529567091402786e-40,up,excitatory_neuron
MT-TS1,0.7947598,2.147276171214332e-41,8.876881795254386e-39,up,excitatory_neuron
MPHOSPH8,0.93740237,2.7416258941389606e-41,1.1010108483634055e-38,up,excitatory_neuron
PNISR,0.6343472,4.1622310687813416e-41,1.655743372427385e-38,up,excitatory_neuron
MTND2P28,1.6414938,9.031040361213153e-40,3.2548023838570506e-37,up,excitatory_neuron
KIAA0930,0.9452845,1.6954974666011455e-38,5.765648522110524e-36,up,excitatory_neuron
ADD3,0.82939744,1.962229100898965e-38,6.619305159808533e-36,up,excitatory_neuron
WWOX,0.65358317,3.326463349237437e-38,1.1132300003753576e-35,up,excitatory_neuron
CCND3,1.2024459,3.434748958277536e-38,1.1404177899503058e-35,up,excitatory_neuron
FHIT,0.65761024,6.25314683955244e-37,1.8834031627386262e-34,up,excitatory_neuron
PCDH15,1.1768254,1.705835566291434e-36,4.9951366891535354e-34,up,excitatory_neuron
LMCD1-AS1,0.98964864,2.290846200974904e-36,6.6619387418281925e-34,up,excitatory_neuron
SYNPR,0.9457087,6.670842998008657e-36,1.9135335829730002e-33,up,excitatory_neuron
RUNX1,1.1672118,6.576131971731085e-35,1.7775369028973374e-32,up,excitatory_neuron
COL21A1,1.5807151,9.169045296508415e-35,2.4626186816424862e-32,up,excitatory_neuron
SCAPER,0.5412357,6.184874206669801e-34,1.5523666111466995e-31,up,excitatory_neuron
TEX9,0.8427222,1.7547585677384214e-33,4.277046504383007e-31,up,excitatory_neuron
ADAM7-AS1,0.79337186,2.632243527344196e-33,6.270836882345916e-31,up,excitatory_neuron
MT-RNR1,0.67931336,2.701638457408405e-33,6.399999372670798e-31,up,excitatory_neuron
PKD1L1,1.1898592,8.153315737948306e-33,1.910004804011479e-30,up,excitatory_neuron
SORT1,0.7007441,1.5701024891406006e-32,3.5594898741715975e-30,up,excitatory_neuron
MT-ND3,1.1034422,2.6667141907039594e-32,5.826286905669112e-30,up,excitatory_neuron
EPB41,0.71685964,1.0723328931310395e-31,2.2836899547806336e-29,up,excitatory_neuron
MT-ND6,0.7606212,1.636826046331099e-31,3.4168338562199725e-29,up,excitatory_neuron
CCDC54-AS1,0.8107041,2.6813397003629853e-31,5.462031456290146e-29,up,excitatory_neuron
IL12A-AS1,1.0064104,2.958899929403529e-31,5.998458332844163e-29,up,excitatory_neuron
DGKG,0.8409008,5.541080349824197e-31,1.1021261090143252e-28,up,excitatory_neuron
MEF2C-AS1,0.57733285,9.109836126566876e-31,1.803448168774392e-28,up,excitatory_neuron
SHOC1,0.81882226,4.473182932462704e-30,8.420567174694413e-28,up,excitatory_neuron
FAM66A,1.6343898,2.748747852379053e-29,4.9532671235584414e-27,up,excitatory_neuron
MT-RNR2,0.5898826,3.3231272882867666e-29,5.912502462666165e-27,up,excitatory_neuron
POT1-AS1,0.8438462,6.953926761265603e-29,1.1871507277015658e-26,up,excitatory_neuron
LINC01470,1.1716609,7.083538079442757e-29,1.204401412080092e-26,up,excitatory_neuron
CFAP298-TCP10L,0.63406765,9.792208498799283e-29,1.6516322230754778e-26,up,excitatory_neuron
GPI,0.7942608,2.0394684414300343e-28,3.3724810105796176e-26,up,excitatory_neuron
LENG9,0.6735297,4.0266697516015395e-28,6.555698201381549e-26,up,excitatory_neuron
MTCO1P12,0.6683445,4.2289353565932765e-28,6.832242037604165e-26,up,excitatory_neuron
NISCH,1.1170923,7.55395775488806e-28,1.2019914590579804e-25,up,excitatory_neuron
DNAH14,0.7167363,8.337647751070655e-28,1.3217052357872039e-25,up,excitatory_neuron
RPS6KA5,0.6281424,1.066594914248182e-27,1.6657447314482624e-25,up,excitatory_neuron
ZFHX3,0.9001883,1.355389709499654e-27,2.101202863252644e-25,up,excitatory_neuron
MCTP1,0.58029026,1.5183752110487329e-27,2.345250092464906e-25,up,excitatory_neuron
INPP4B,0.62548375,2.4193476562743285e-27,3.682910924986268e-25,up,excitatory_neuron
ZBTB20,0.7233107,4.085444524817562e-27,6.130638408469114e-25,up,excitatory_neuron
LHFPL6,0.6537483,4.501113512902184e-27,6.730441613423631e-25,up,excitatory_neuron
XIST,0.79067117,2.6111095943150645e-26,3.7706389816261424e-24,up,excitatory_neuron
LINC00499,1.2664466,3.8715549529271503e-26,5.5717357576818835e-24,up,excitatory_neuron
SRRM2,0.6709163,4.212477088422676e-26,6.00092977660537e-24,up,excitatory_neuron
PTPRM,0.7595672,8.323625223501335e-26,1.1395529376603273e-23,up,excitatory_neuron
ZBTB16,0.53235143,1.2423077017295947e-25,1.6898189954461877e-23,up,excitatory_neuron
PALLD,0.8423402,1.4789558699520073e-25,1.979781973595756e-23,up,excitatory_neuron
ROS1,1.6195962,1.6482113854715584e-25,2.178687444864552e-23,up,excitatory_neuron
SNRPN,0.4736972,2.218433120136265e-25,2.8871811536045033e-23,up,excitatory_neuron
LENG8,0.607423,3.897998273356895e-25,4.965767165940792e-23,up,excitatory_neuron
NEK7,0.8885836,4.146496254223703e-25,5.25060983639192e-23,up,excitatory_neuron
OPRM1,0.6014195,1.015844372774974e-24,1.2524885867486062e-22,up,excitatory_neuron
TTC28,0.52720237,1.3689444222375618e-24,1.6731675203620656e-22,up,excitatory_neuron
CNBD1,1.1822603,1.4490244503721004e-24,1.7659252600820912e-22,up,excitatory_neuron
BBS9,0.49925378,1.5906809972924556e-24,1.9274208509434192e-22,up,excitatory_neuron
MT-CO1,0.42801803,1.6883591975108767e-24,2.0399152516172252e-22,up,excitatory_neuron
LINC02955,0.8768612,2.3797188591500103e-24,2.834621613948545e-22,up,excitatory_neuron
LINC00871,1.264781,3.355662655961435e-24,3.963535776300444e-22,up,excitatory_neuron
LEPR,0.784781,6.955381624224786e-24,8.101866766538303e-22,up,excitatory_neuron
ARL17B,0.7171572,8.363970573759024e-24,9.689108439112549e-22,up,excitatory_neuron
PLXDC2,0.5735376,1.0655038022916824e-23,1.224226126191645e-21,up,excitatory_neuron
NPSR1-AS1,0.9859961,1.333515328508585e-23,1.5279983928592794e-21,up,excitatory_neuron
PHACTR1,-0.83114314,1.5223517410740143e-123,6.419300586586796e-119,down,excitatory_neuron
PDE10A,-1.0861937,5.340453921196594e-119,1.125954602475484e-114,down,excitatory_neuron
PCDH9,-0.7090016,1.289350568322052e-117,1.8122681804811988e-113,down,excitatory_neuron
NRXN3,-0.7300936,3.0244777900428067e-114,3.1883288743183763e-110,down,excitatory_neuron
LDB2,-0.75193846,2.8227785132602253e-103,2.3805620313728784e-99,down,excitatory_neuron
HOMER1,-1.0866892,6.68982734794188e-103,4.701499163011088e-99,down,excitatory_neuron
PLCB1,-0.66887146,7.13003654865838e-101,4.2950321592468273e-97,down,excitatory_neuron
CALM2,-0.9550301,4.3138165112508686e-98,2.2737587603739424e-94,down,excitatory_neuron
CELF2,-0.5705024,9.350512585589465e-96,4.380922935517232e-92,down,excitatory_neuron
PPFIA2,-0.7255811,2.2296984303411298e-95,9.401969371219444e-92,down,excitatory_neuron
PTPRD,-0.5836974,1.32636006829963e-90,4.660718749999208e-87,down,excitatory_neuron
CCSER1,-0.5358187,1.0403688966342452e-88,3.374556558798171e-85,down,excitatory_neuron
CAMK4,-0.91643584,4.796068893925367e-85,1.4445416932153638e-81,down,excitatory_neuron
RGS7,-0.63918364,1.658990775533514e-83,4.6636442687947786e-80,down,excitatory_neuron
RIMS1,-0.69776,3.895080915585142e-83,1.026524231046742e-79,down,excitatory_neuron
SPRED1,-1.1861951,2.846885459804369e-82,7.061448187268873e-79,down,excitatory_neuron
NECTIN3,-1.1572595,2.971583339420098e-78,6.961264148518183e-75,down,excitatory_neuron
EGR1,-1.7665647,2.0672828794788248e-76,4.587953535735979e-73,down,excitatory_neuron
DDX3P1,-1.2865611,7.062450561838508e-76,1.489011764205222e-72,down,excitatory_neuron
DLG2,-0.41736332,1.1980001273218954e-72,2.2961850622173803e-69,down,excitatory_neuron
GRIN2A,-0.58134687,2.161527837786225e-68,3.64580577343727e-65,down,excitatory_neuron
CELF2-AS2,-0.79288936,9.244564998873168e-68,1.499290662721096e-64,down,excitatory_neuron
MAP2,-0.5950951,3.6518456581055633e-66,5.49954913804776e-63,down,excitatory_neuron
RTN4,-0.6823851,1.839133364773172e-65,2.674163330772081e-62,down,excitatory_neuron
PCDH7,-0.7161352,5.861397074231476e-64,8.238584347637288e-61,down,excitatory_neuron
STAT1,-0.66383874,1.6376121918165852e-62,2.092521008858484e-59,down,excitatory_neuron
KCNQ5,-0.6050524,2.5302088258033506e-62,3.137979869342644e-59,down,excitatory_neuron
SEPTIN7,-0.7727037,7.608876777603213e-62,9.166957345176992e-59,down,excitatory_neuron
PCDH9-AS2,-0.70084506,1.0385322545173009e-61,1.2164385993397505e-58,down,excitatory_neuron
LRRTM4,-0.7077462,4.141265152774415e-61,4.719587235055102e-58,down,excitatory_neuron
JMJD1C,-0.53637785,4.920517405588369e-61,5.460090985301178e-58,down,excitatory_neuron
COPG2,-0.731587,5.283067050927728e-60,5.712079188114601e-57,down,excitatory_neuron
GRIN2B,-0.62270993,6.081468278680838e-60,6.410931822678371e-57,down,excitatory_neuron
ATP2B1,-0.6716619,1.7181091932955397e-59,1.7670124476510492e-56,down,excitatory_neuron
FZD3,-0.7727648,6.42786140308229e-59,6.3033402740411825e-56,down,excitatory_neuron
GLS,-0.6412596,1.7596254975909336e-58,1.6863210990208384e-55,down,excitatory_neuron
DOK6,-0.8636634,4.024147212620384e-58,3.770804789212527e-55,down,excitatory_neuron
LUC7L2,-0.7552102,1.5692767925569132e-56,1.407908393866965e-53,down,excitatory_neuron
FAM66D,-1.0690708,2.1992916884421566e-55,1.8926027066640903e-52,down,excitatory_neuron
SPRY4-AS1,-0.8831195,1.6444388295618774e-54,1.363411685416316e-51,down,excitatory_neuron
R3HDM1,-0.58872336,1.7284010236762962e-54,1.4015670377953537e-51,down,excitatory_neuron
MIR181A1HG,-1.0481063,1.8657999850903443e-54,1.4844375088925385e-51,down,excitatory_neuron
ETV5,-0.9936892,3.2613220146331064e-54,2.5466697294635966e-51,down,excitatory_neuron
CSMD3,-0.45421287,4.0117296744001887e-54,3.075683730553323e-51,down,excitatory_neuron
HIVEP2,-0.6773158,7.51281218358659e-53,5.657013416880281e-50,down,excitatory_neuron
ARPP19,-0.7954977,3.81472539893101e-52,2.8220267701179628e-49,down,excitatory_neuron
GRIA2,-0.5659181,3.973340809996461e-52,2.888687274743461e-49,down,excitatory_neuron
ANKRD17,-0.5987944,8.944283685232771e-52,6.392434070427291e-49,down,excitatory_neuron
CHRM3-AS2,-0.92586195,9.947942842390372e-52,6.876637800574999e-49,down,excitatory_neuron
CHRM3,-0.58785856,4.296857680490728e-50,2.8310249658320707e-47,down,excitatory_neuron
YWHAZ,-0.7338338,6.897751323872589e-50,4.474730462672854e-47,down,excitatory_neuron
KCTD16,-0.74579984,2.4289076895153333e-49,1.5518144021786827e-46,down,excitatory_neuron
CSMD1,-0.3990645,4.807465229106045e-49,3.0256177062046955e-46,down,excitatory_neuron
FMC1-LUC7L2,-0.7597174,5.687932132002778e-49,3.527103444267075e-46,down,excitatory_neuron
NLGN1,-0.5215354,9.271690507747914e-49,5.6660778788435696e-46,down,excitatory_neuron
RBFOX1,-0.38234445,9.564405264909033e-49,5.761461097220274e-46,down,excitatory_neuron
MGAT4C,-0.818381,1.0395621567194368e-48,6.1739742904772536e-46,down,excitatory_neuron
BRINP3,-0.7222609,2.2249374793659883e-46,1.2851909409921317e-43,down,excitatory_neuron
PTPRR,-0.670805,1.0571252686780212e-45,5.943440160579483e-43,down,excitatory_neuron
EPB41L2,-0.6491664,1.4189978849558137e-45,7.8730110282805e-43,down,excitatory_neuron
FLRT2,-0.6381769,2.38321749327302e-45,1.3051056108940706e-42,down,excitatory_neuron
UNC80,-0.5202039,7.62807903191048e-45,4.071559601754041e-42,down,excitatory_neuron
STARD4,-1.0039693,2.2054721917453724e-44,1.148125258139841e-41,down,excitatory_neuron
IL1RAPL1,-0.50105864,4.845448503668136e-44,2.4037414947549907e-41,down,excitatory_neuron
TMEM178B,-0.61000305,1.2647262206780188e-43,6.201129133410467e-41,down,excitatory_neuron
TAFA2,-0.65928614,2.312965672945652e-43,1.1210439486333256e-40,down,excitatory_neuron
CNTNAP2,-0.3907894,3.0339810373478753e-43,1.4537940727482706e-40,down,excitatory_neuron
BRINP1,-0.6216207,7.696898099856723e-43,3.6466865413107685e-40,down,excitatory_neuron
NRG3,-0.365696,1.4569826155507194e-42,6.826287327769688e-40,down,excitatory_neuron
NRXN1,-0.36154005,1.5779852468575976e-42,7.311967462004869e-40,down,excitatory_neuron
IQCJ-SCHIP1,-0.50178266,4.6838981470668987e-42,2.1011269485890416e-39,down,excitatory_neuron
ANK3,-0.37261888,5.6309429178347033e-42,2.4993681054351147e-39,down,excitatory_neuron
LRRC8B,-0.7255013,5.858459870535843e-42,2.5732674725092175e-39,down,excitatory_neuron
ADGRB3,-0.4315032,7.410843099398451e-42,3.2215775357972624e-39,down,excitatory_neuron
MNAT1,-0.5427061,1.2979177419436944e-41,5.5846221861775264e-39,down,excitatory_neuron
DCAF6,-0.65487045,1.6034369104889684e-41,6.829507495412963e-39,down,excitatory_neuron
KCNH1,-0.59269786,1.6232211587229795e-41,6.844636659987188e-39,down,excitatory_neuron
MAN1A1,-0.8425284,1.9624661122789608e-41,8.193198866976925e-39,down,excitatory_neuron
DGKI,-0.46806535,2.6833292506676117e-41,1.0879610049317423e-38,down,excitatory_neuron
NDST3,-0.75566924,1.2367666657926175e-40,4.828772221896046e-38,down,excitatory_neuron
KIAA1549L,-0.53838193,1.447864078321345e-40,5.601108678034509e-38,down,excitatory_neuron
STARD4-AS1,-0.6850094,2.1013426784101368e-40,8.055210610956387e-38,down,excitatory_neuron
PCDH9-AS3,-0.75799614,2.8005222104161444e-40,1.0638704508704286e-37,down,excitatory_neuron
FUT9,-0.56399596,4.7338802454879116e-40,1.782263645638293e-37,down,excitatory_neuron
GRM7,-0.562169,5.533369596305901e-40,2.0648282811277075e-37,down,excitatory_neuron
TRIM9,-0.4667901,5.785970804989202e-40,2.1401493941577165e-37,down,excitatory_neuron
DLGAP1,-0.40925637,6.1444224060961455e-40,2.2529726921552717e-37,down,excitatory_neuron
APP,-0.5088118,1.139849998282938e-39,4.073224989626834e-37,down,excitatory_neuron
CTNND2,-0.39331785,1.4257593911655522e-39,5.052100524981331e-37,down,excitatory_neuron
EML6,-0.57238686,1.651127206215616e-39,5.801923408707823e-37,down,excitatory_neuron
PPFIA2-AS1,-0.6661173,4.231129111928073e-39,1.474496043493149e-36,down,excitatory_neuron
DCLK1,-0.4098929,6.313047775613143e-39,2.1819859471662247e-36,down,excitatory_neuron
YJU2,2.5615368,2.946306968629077e-92,1.5401083101766345e-88,up,inhibitory_neuron
AVPI1,2.1054626,1.206103342859692e-74,3.6026306851219e-71,up,inhibitory_neuron
LINC02055,1.5270674,4.0195128646648682e-56,4.309948435245012e-53,up,inhibitory_neuron
LINC02882,1.7265524,6.894688896369153e-48,5.242220004879368e-45,up,inhibitory_neuron
GPC5,1.2060525,9.693518672668903e-48,7.238635068815504e-45,up,inhibitory_neuron
CFAP47,1.694921,1.2608841478313095e-46,8.369468776826938e-44,up,inhibitory_neuron
PPP5C,1.5920322,3.953215958443927e-46,2.4311115433854138e-43,up,inhibitory_neuron
LAMA2,1.2245201,8.313309264049502e-46,5.0383473449858286e-43,up,inhibitory_neuron
RUNX1,1.4111562,3.085815522639947e-44,1.6979293884968066e-41,up,inhibitory_neuron
LINC02006,1.4758029,4.1711588026255604e-44,2.2653184260804626e-41,up,inhibitory_neuron
PARD3B,1.2146579,5.070457001596568e-44,2.718415011445709e-41,up,inhibitory_neuron
LINC01811,1.4922205,8.881063260951909e-44,4.642353793081087e-41,up,inhibitory_neuron
LINC00871,1.6170787,1.690996824343622e-43,8.730136444494023e-41,up,inhibitory_neuron
CFAP20DC-DT,1.3895522,3.397141384239688e-43,1.6713136283074735e-40,up,inhibitory_neuron
EDA,1.4707979,5.590356353868951e-43,2.7183432791406023e-40,up,inhibitory_neuron
LRMDA,1.5734651,2.9388102041544176e-42,1.3655018346369939e-39,up,inhibitory_neuron
POT1-AS1,0.8783557,6.353136805684746e-42,2.826334839788561e-39,up,inhibitory_neuron
MIR3171HG,1.584024,9.426103984908628e-42,4.0637197571227727e-39,up,inhibitory_neuron
ZFHX3,1.2098631,1.2447083493708443e-41,5.3113483422438754e-39,up,inhibitory_neuron
RAD51B,1.335136,2.3686333945217256e-41,9.80708032595144e-39,up,inhibitory_neuron
DNAH6,1.1953123,2.4787027809122017e-41,1.006353329050354e-38,up,inhibitory_neuron
TEX41,1.358132,2.4558340175397353e-41,1.006353329050354e-38,up,inhibitory_neuron
TSIX,0.9452401,3.794687428802583e-41,1.4830489616604334e-38,up,inhibitory_neuron
LINC01036,1.5435188,4.005958708391556e-41,1.5511220487733154e-38,up,inhibitory_neuron
AQP4-AS1,1.26014,1.2182705979215451e-40,4.5896972850345205e-38,up,inhibitory_neuron
ESR1,0.94795465,5.956005888650083e-40,2.1107479173861795e-37,up,inhibitory_neuron
PKN2-AS1,1.1791557,7.620622647391243e-40,2.6556599822383915e-37,up,inhibitory_neuron
TEX9,1.0217646,7.605390042626956e-40,2.6556599822383915e-37,up,inhibitory_neuron
CEP128,1.133098,8.34752048653409e-40,2.884930675255228e-37,up,inhibitory_neuron
CFAP299,1.4792694,9.980032845027983e-40,3.3930488903526854e-37,up,inhibitory_neuron
LINC01830,1.5213152,1.377240541147756e-39,4.644632657235231e-37,up,inhibitory_neuron
PATJ,0.7652517,1.775791223586887e-39,5.940802991036515e-37,up,inhibitory_neuron
TRDN,1.6785793,4.8211604084629694e-39,1.562878185744996e-36,up,inhibitory_neuron
LINC00378,1.4820294,5.050298226541975e-39,1.624564394134864e-36,up,inhibitory_neuron
ADGRV1,1.194705,5.1382954179277874e-39,1.6402537235641545e-36,up,inhibitory_neuron
CD96,1.7130264,1.032820780051353e-38,3.2033120608019093e-36,up,inhibitory_neuron
CCDC26,1.5057898,1.108563543901868e-38,3.4086698734476704e-36,up,inhibitory_neuron
CFAP54,1.4938679,2.0448368456449695e-38,6.151869583538226e-36,up,inhibitory_neuron
PKHD1,1.4891422,4.804642942094576e-38,1.414933510933176e-35,up,inhibitory_neuron
LINC02476,1.664315,6.923101323741126e-38,1.969457490858547e-35,up,inhibitory_neuron
LINC00499,1.4842958,1.877688673767553e-37,5.16586743155339e-35,up,inhibitory_neuron
CNBD1,1.4196709,5.145623597038234e-37,1.3533313684336156e-34,up,inhibitory_neuron
COP1-DT,1.4720345,6.799395393720119e-37,1.7337629059426091e-34,up,inhibitory_neuron
LINC03000,1.2072735,6.92896618842078e-37,1.7560939882871522e-34,up,inhibitory_neuron
DIAPH3,1.5926179,9.685102170036212e-37,2.410783348491514e-34,up,inhibitory_neuron
ABCA13,1.4943793,1.011141149594021e-36,2.502005952291288e-34,up,inhibitory_neuron
OFCC1,1.5801468,1.108627169081583e-36,2.7270924092149197e-34,up,inhibitory_neuron
LINC03077,1.6174755,1.1812179281824457e-36,2.8886649895165794e-34,up,inhibitory_neuron
XIRP2,1.6143969,1.83786353442344e-36,4.391758701858253e-34,up,inhibitory_neuron
LNC-LBCS,1.5310624,1.9807300844883607e-36,4.706259697337174e-34,up,inhibitory_neuron
RASGEF1B,1.2918509,2.126492660701462e-36,5.0240491573567084e-34,up,inhibitory_neuron
PCAT1,1.4385077,3.131252931737732e-36,7.274596394411581e-34,up,inhibitory_neuron
CHST9,1.3410347,3.794402892343905e-36,8.766538129946819e-34,up,inhibitory_neuron
NRXN1-DT,1.2610087,3.929974365974926e-36,9.002294794422416e-34,up,inhibitory_neuron
MALRD1,1.4027996,4.7322948974882414e-36,1.0755168914302349e-33,up,inhibitory_neuron
MIR924HG,1.5293543,6.19744942065579e-36,1.3933598917902357e-33,up,inhibitory_neuron
LINC02994,1.5396128,8.008469841296177e-36,1.7908994215150993e-33,up,inhibitory_neuron
LINC01091,1.5866379,1.1985212982150389e-35,2.624071395222853e-33,up,inhibitory_neuron
SCN7A,1.0356758,1.2532335414416887e-35,2.715425918964173e-33,up,inhibitory_neuron
TRPM3,0.89462405,1.5633719720927605e-35,3.31863396593782e-33,up,inhibitory_neuron
FOXP2,1.5729517,1.6835118742479653e-35,3.5556110887525964e-33,up,inhibitory_neuron
LINC02267,1.5621405,3.461157724431422e-35,7.200930035834488e-33,up,inhibitory_neuron
FSHR,2.0043027,3.5727063716500373e-35,7.359775125599078e-33,up,inhibitory_neuron
HMCN1,1.4467473,7.306178530461331e-35,1.475989245347014e-32,up,inhibitory_neuron
FPGT-TNNI3K,0.7373469,7.740146929784748e-35,1.5536967341278896e-32,up,inhibitory_neuron
LINC02755,1.3401611,9.668509062974772e-35,1.907159018846599e-32,up,inhibitory_neuron
MIR3681HG,1.3832897,1.0643095876562727e-34,2.0895445228455404e-32,up,inhibitory_neuron
LINC00598,1.4179708,1.372005479806728e-34,2.656228016414711e-32,up,inhibitory_neuron
NPSR1-AS1,1.6497606,1.6780686439262132e-34,3.218966722555338e-32,up,inhibitory_neuron
HSP90AB1,-1.5328345,1.0452404752744031e-126,4.3709866195025e-122,down,inhibitory_neuron
HSP90AA1,-1.3560606,6.26226386444232e-118,1.3093767514162448e-113,down,inhibitory_neuron
ATP1B1,-1.1355377,2.8336295764499873e-111,3.949890720932852e-107,down,inhibitory_neuron
CALM2,-1.2285448,1.4661215602341996e-110,1.532756785146844e-106,down,inhibitory_neuron
MAP2,-0.82687044,4.716467319041702e-96,3.944664606953718e-92,down,inhibitory_neuron
CADM2,-0.7797992,9.733800946025746e-96,6.784134799348411e-92,down,inhibitory_neuron
SCG2,-1.5525494,1.7393473423235433e-91,8.081780795698437e-88,down,inhibitory_neuron
ROBO2,-1.0865417,5.310537538061398e-90,2.2207605876665155e-86,down,inhibitory_neuron
CNTNAP2,-0.688996,2.931361217701713e-78,1.1143969400168205e-74,down,inhibitory_neuron
APP,-0.7828137,1.2304255795947523e-77,4.2878280739577805e-74,down,inhibitory_neuron
CNTN1,-0.72456795,2.1379206882776266e-75,6.877197487876446e-72,down,inhibitory_neuron
NLGN1,-0.7156613,1.6948588891596324e-74,4.725040601791834e-71,down,inhibitory_neuron
DDX3P1,-1.4486601,1.2320448460532173e-73,3.22010321076584e-70,down,inhibitory_neuron
NRG3,-0.6209812,5.718260613115178e-73,1.406624837172062e-69,down,inhibitory_neuron
FGF14,-0.74910796,4.720699182622633e-71,1.0967233245495182e-67,down,inhibitory_neuron
HSPA8,-1.4918331,6.866736377865148e-69,1.5113325360503406e-65,down,inhibitory_neuron
GRIN2B,-0.65091646,3.2538515193819192e-68,6.803478141875655e-65,down,inhibitory_neuron
DLX6-AS1,-1.2565011,4.2119609746524556e-68,8.387418287524592e-65,down,inhibitory_neuron
NRXN3,-0.62720096,5.0720863060175825e-68,9.641113870229242e-65,down,inhibitory_neuron
COPG2,-0.9406504,5.444269131017596e-66,9.89862810960408e-63,down,inhibitory_neuron
MAP1B,-0.9597338,7.648455150177512e-66,1.3326795727921795e-62,down,inhibitory_neuron
YWHAZ,-1.0830681,9.265784019245329e-66,1.5499062244672043e-62,down,inhibitory_neuron
MEG8,-0.8494528,4.724690842141743e-64,7.599120062949363e-61,down,inhibitory_neuron
CAMK2N1,-0.97589046,5.061901267253951e-64,7.839947673852806e-61,down,inhibitory_neuron
RTN4,-0.80914116,1.2592751068622664e-63,1.8807273720987947e-60,down,inhibitory_neuron
PEG3,-0.8316071,1.532133769382707e-63,2.2093368954498636e-60,down,inhibitory_neuron
NETO2,-1.1779927,4.857669627823054e-63,6.771267616543483e-60,down,inhibitory_neuron
ADGRB3,-0.6556768,8.203990243117565e-63,1.1066918193119046e-59,down,inhibitory_neuron
ATP2B1,-0.8741763,3.0881983329766745e-60,4.0356961840130807e-57,down,inhibitory_neuron
SPRY4-AS1,-0.9962755,4.2325786464371556e-60,5.363574964748756e-57,down,inhibitory_neuron
SEPTIN7,-0.86638725,3.8793935850498744e-59,4.771425909988695e-56,down,inhibitory_neuron
EIF4A2,-1.0549175,6.2766742705507655e-59,7.499370418454054e-56,down,inhibitory_neuron
CALM1,-0.844086,2.5735654075349813e-58,2.9894821725638287e-55,down,inhibitory_neuron
RTN3,-0.7230631,1.9068138207825411e-57,2.1551119015536296e-54,down,inhibitory_neuron
ARL4C,-0.8767153,3.0133477323277683e-57,3.316109880802173e-54,down,inhibitory_neuron
HSPH1,-1.1863526,2.3153924255093412e-54,2.420627011248741e-51,down,inhibitory_neuron
PPFIA2,-0.62377495,1.3163053402902196e-53,1.3425672370794246e-50,down,inhibitory_neuron
DLGAP1,-0.62830454,2.2129350043223384e-53,2.203345619303608e-50,down,inhibitory_neuron
GAD1,-0.8456287,8.855353559543446e-52,8.41620852620427e-49,down,inhibitory_neuron
TMEM178B,-0.6364154,3.162244288294024e-51,2.9386384810639887e-48,down,inhibitory_neuron
NDUFA4,-1.024508,1.1557967301925628e-50,1.028363992833885e-47,down,inhibitory_neuron
TMSB4X,-0.9188058,1.296454250437618e-50,1.129481746766673e-47,down,inhibitory_neuron
ZIM2,-0.7029458,6.788732940352564e-50,5.793698655095175e-47,down,inhibitory_neuron
HSP90B1,-1.026528,8.574625596975569e-50,7.171473864286489e-47,down,inhibitory_neuron
TTTY14,-1.5349184,1.1804861539267672e-49,9.679523526452852e-47,down,inhibitory_neuron
SCG3,-0.9248512,1.097308518565782e-48,8.824470697958437e-46,down,inhibitory_neuron
FGF14-IT1,-0.67903847,5.087346320230362e-48,3.939678674433209e-45,down,inhibitory_neuron
COX6C,-1.1007798,1.6135174164811029e-47,1.1837556372352066e-44,down,inhibitory_neuron
OXR1,-0.6921064,1.670749351797414e-47,1.2046102826459353e-44,down,inhibitory_neuron
ANKRD17,-0.6521819,6.582496734912879e-47,4.587780807676446e-44,down,inhibitory_neuron
PCLO,-0.5609043,8.939628926441455e-47,6.128482007310307e-44,down,inhibitory_neuron
NALF1,-0.56350505,9.801612196599871e-47,6.611029336087313e-44,down,inhibitory_neuron
NBEA,-0.50390536,2.266460943632357e-46,1.48091974595028e-43,down,inhibitory_neuron
GOLGA8B,-0.82073516,2.619389199594662e-46,1.6851941161330704e-43,down,inhibitory_neuron
SST,-2.0642338,3.4983011878319083e-46,2.2165448344356776e-43,down,inhibitory_neuron
DLGAP1-AS5,-0.85705656,3.6850627390406e-46,2.30002915852537e-43,down,inhibitory_neuron
HSPA5,-1.3928139,9.569146687269176e-46,5.716608230974606e-43,down,inhibitory_neuron
KIF3A,-0.74390185,2.089971563955552e-45,1.2138670952985177e-42,down,inhibitory_neuron
SEC62,-0.944711,3.2693336171712264e-45,1.872835523326936e-42,down,inhibitory_neuron
GRIK2,-0.6436304,6.713787486355911e-44,3.5538881658788785e-41,down,inhibitory_neuron
TCF4,-0.50717497,2.0492038131518323e-43,1.0450439641266258e-40,down,inhibitory_neuron
FGF12,-0.567172,2.4903751834509187e-43,1.254729029175307e-40,down,inhibitory_neuron
VGF,-2.299382,3.122162771452341e-43,1.554316699721357e-40,down,inhibitory_neuron
LUC7L2,-0.7432808,1.4335895219983153e-42,6.8124825716960845e-40,down,inhibitory_neuron
RIMS2,-0.48384076,1.8276239448769962e-42,8.587368328861374e-40,down,inhibitory_neuron
COPG2IT1,-0.89531773,3.008500114958991e-42,1.3825215143665395e-39,down,inhibitory_neuron
FAM66D,-1.3562454,5.565041518629169e-42,2.5023538303874687e-39,down,inhibitory_neuron
OXR1-AS1,-0.8007396,6.918981309051869e-42,3.045662740862432e-39,down,inhibitory_neuron
MTCO2P12,-2.2188554,7.344765983018995e-42,3.19941066539467e-39,down,inhibitory_neuron
THRB,-0.59305084,2.0219905966231212e-41,8.45556027695857e-39,down,inhibitory_neuron
NLGN4Y,-1.3882023,2.7223913037203597e-41,1.0946630724901733e-38,down,inhibitory_neuron
NRXN1,-0.6279711,3.002656568906428e-41,1.195858022843133e-38,down,inhibitory_neuron
CNTN4,-0.6396538,6.546507822617392e-41,2.4887442193292194e-38,down,inhibitory_neuron
TSPAN7,-0.6791657,2.937985919199051e-40,1.087262789106778e-37,down,inhibitory_neuron
YWHAB,-0.7606359,3.967399761098523e-40,1.4553396772773512e-37,down,inhibitory_neuron
LRP8,-0.9478539,5.483181753754477e-40,1.9938756050304755e-37,down,inhibitory_neuron
MYCBP2,-0.5484831,5.670136867181248e-40,2.04408434061884e-37,down,inhibitory_neuron
GRIP1,-0.564782,5.792298702265042e-40,2.0702764712078597e-37,down,inhibitory_neuron
MAGOH-DT,-1.0503204,8.812167415854364e-40,3.020550958985228e-37,down,inhibitory_neuron
SHANK1,-0.69129217,2.8853072274024e-39,9.426388877774498e-37,down,inhibitory_neuron
MORF4L2,-0.76013076,6.856987987271336e-39,2.1559813808399453e-36,down,inhibitory_neuron
PITPNC1,-0.64100045,1.4463575443575455e-38,4.414874437222178e-36,down,inhibitory_neuron
MDH1,-0.70771474,2.661125188226504e-38,7.948780937232567e-36,down,inhibitory_neuron
RGS7,-0.50656474,2.815265483137945e-38,8.349558296018624e-36,down,inhibitory_neuron
VSNL1,-0.73597455,4.899423191771378e-38,1.4327557974370308e-35,down,inhibitory_neuron
RTN1,-0.5418073,5.590153783668481e-38,1.6122003512099897e-35,down,inhibitory_neuron
DLG2,-0.3117986,6.063303254233691e-38,1.736679558120168e-35,down,inhibitory_neuron
PRKAR1A,-0.8454511,1.0684939796637344e-37,2.9988108215824187e-35,down,inhibitory_neuron
TRIM9,-0.66329306,1.6244556489275565e-37,4.5287657551235025e-35,down,inhibitory_neuron
EIF4G2,-0.8692675,3.374196843070452e-37,9.162478154774035e-35,down,inhibitory_neuron
SCN2A,-0.55078304,3.7580674275932514e-37,1.0139023463683522e-34,down,inhibitory_neuron
ETV5,-1.3982414,3.981307798631153e-37,1.0672457020715227e-34,down,inhibitory_neuron
PDE10A,-0.6259299,4.50030739212426e-37,1.1986869714895052e-34,down,inhibitory_neuron
STMN2,-0.72500414,5.446874908951608e-37,1.4236088433908644e-34,down,inhibitory_neuron
USP9Y,-1.1840235,5.965744398791468e-37,1.5495372625382711e-34,down,inhibitory_neuron
AVPI1,3.7987895,4.931700466970456e-53,1.4863652037402255e-48,up,astrocyte
YJU2,4.278487,3.246666369281249e-49,4.8925638851883785e-45,up,astrocyte
PPP5C,2.6951287,1.1666089375332666e-35,1.1720142256105042e-31,up,astrocyte
CHODL,1.7916116,2.8030462691836117e-21,1.4080168584487478e-17,up,astrocyte
FAM227B,1.5756673,2.854367114519541e-20,9.558641162722716e-17,up,astrocyte
EPHA6,1.3537819,9.017666746750412e-20,2.717834580803107e-16,up,astrocyte
HIF3A,1.7889812,2.323549298527199e-18,5.835787692359271e-15,up,astrocyte
UNC13C,1.502698,2.9096302000786056e-18,6.7456418923207e-15,up,astrocyte
LINC02267,1.4872553,7.16452517118682e-18,1.3103825897474608e-14,up,astrocyte
ADAMTS20,1.7360272,1.137347981156592e-17,1.8041332002146596e-14,up,astrocyte
SLCO1B3-SLCO1B7,1.5174874,1.4095681586838178e-17,2.12414873672858e-14,up,astrocyte
LINC02882,1.5554254,2.2891890263127617e-17,3.1360849120018336e-14,up,astrocyte
GHR,1.557785,2.8423324774885704e-17,3.7245677625664354e-14,up,astrocyte
FKBP5,1.8858426,3.139328530975793e-17,3.9423426081283104e-14,up,astrocyte
CARD18,1.4975634,4.27496387131359e-17,5.1537254447008117e-14,up,astrocyte
PRIM2BP,1.5864148,4.6302720318539986e-17,5.3673757218479873e-14,up,astrocyte
GFAP,2.1163912,7.07780574608739e-17,7.35579266832165e-14,up,astrocyte
LINC02607,1.5327115,8.123190869810723e-17,8.160828320840847e-14,up,astrocyte
HMCN1,1.3930634,2.1190694737967478e-16,1.9958323397112552e-13,up,astrocyte
HDDC2,1.4115754,2.623657600467116e-16,2.396194436984195e-13,up,astrocyte
TPD52L1,1.3899294,5.00598567394136e-16,4.43751183020349e-13,up,astrocyte
PCDH11Y,1.4682351,5.992172219395774e-16,5.016613292232479e-13,up,astrocyte
HFM1,1.2371031,5.840371169847916e-16,5.016613292232479e-13,up,astrocyte
BANK1,1.3157669,6.899230468078889e-16,5.619889380471071e-13,up,astrocyte
AFG2A,1.3157312,7.559338714795894e-16,5.748016876379924e-13,up,astrocyte
SGO1-AS1,1.2116202,8.511226990462552e-16,6.107615958703591e-13,up,astrocyte
ST6GALNAC3,1.1859652,8.327022144472685e-16,6.107615958703591e-13,up,astrocyte
LINC01684,1.6106427,2.3359542714675133e-15,1.5305070823425952e-12,up,astrocyte
SLC14A1,2.304552,3.2711309539381626e-15,2.053929496265464e-12,up,astrocyte
SATB1-AS1,1.3813711,5.0062602318513565e-15,3.0792587168932257e-12,up,astrocyte
LINC02109,1.3708451,5.7690505838132046e-15,3.477468310910924e-12,up,astrocyte
PKIA-AS1,1.1985979,6.072917338554838e-15,3.5888559934647895e-12,up,astrocyte
KCNK2,1.5345633,6.657730008252342e-15,3.785987258843723e-12,up,astrocyte
CCDC141,1.4275209,1.2802360637999976e-14,6.890184772655023e-12,up,astrocyte
CD96,1.3397766,1.2580421386431854e-14,6.890184772655023e-12,up,astrocyte
LINC01194,1.5275214,1.3633706569580488e-14,7.208882145624322e-12,up,astrocyte
STK31,1.5685744,1.6373853317018504e-14,8.508475260717598e-12,up,astrocyte
TSHR,1.0479823,1.8334554029120352e-14,9.209752064727636e-12,up,astrocyte
TRPM3,1.1890512,1.908224739863161e-14,9.428194333563247e-12,up,astrocyte
MIPOL1,1.2209936,2.0776602341303543e-14,1.0099774483299152e-11,up,astrocyte
EGFEM1P,1.222062,2.305386012152569e-14,1.0856567034416606e-11,up,astrocyte
LINC01515,1.2615613,2.3497212379204302e-14,1.0895115136874436e-11,up,astrocyte
RNF150,1.1112769,2.5137727593444367e-14,1.1307850327445071e-11,up,astrocyte
LINC01830,1.2012264,2.7359305450585568e-14,1.2126207455517623e-11,up,astrocyte
LINC00571,1.2147434,2.8763926702117535e-14,1.2384514098216002e-11,up,astrocyte
NIHCOLE,1.2913524,3.0187317355887635e-14,1.2636327191515242e-11,up,astrocyte
LNCAROD,1.3642576,3.0924766736529024e-14,1.276769239277052e-11,up,astrocyte
LINC01781,1.8304639,3.4826216874042145e-14,1.4184153383334542e-11,up,astrocyte
TTC33,1.2621721,3.579785505760589e-14,1.4385487381082451e-11,up,astrocyte
CFAP299,1.266002,3.9076305310517184e-14,1.5496325865179965e-11,up,astrocyte
THSD7B,1.1444943,4.1282291449158365e-14,1.6158532233586804e-11,up,astrocyte
BNC2,1.3106945,4.6543636272499894e-14,1.7756691817935116e-11,up,astrocyte
PKHD1,1.1624168,4.76724083372965e-14,1.7959983935972242e-11,up,astrocyte
GBE1,1.194069,5.962695346359716e-14,2.1915814029748236e-11,up,astrocyte
EYS,1.1493497,6.526105591232305e-14,2.3377565142542708e-11,up,astrocyte
LINC00879,1.3407904,6.593095448144034e-14,2.3377565142542708e-11,up,astrocyte
LINC00486,1.0946796,8.50593302076292e-14,2.8804529810424e-11,up,astrocyte
LINC02742,1.2903403,1.0057200367675933e-13,3.367932909793166e-11,up,astrocyte
LINC01933,1.2622411,1.1966039342818016e-13,3.9332785551505593e-11,up,astrocyte
LINC02694,1.2081343,1.2006424469088273e-13,3.9332785551505593e-11,up,astrocyte
LINC01098,1.2491823,1.2522681766411998e-13,3.979547077996381e-11,up,astrocyte
EYA4,1.3242257,1.4495084993697137e-13,4.4425380290445793e-11,up,astrocyte
CCND3,1.9392184,1.4301653665186628e-13,4.4425380290445793e-11,up,astrocyte
PIK3C2G,1.2278502,1.4889691489044048e-13,4.458111206836768e-11,up,astrocyte
MITA1,1.319638,1.5294848686830862e-13,4.51932788796466e-11,up,astrocyte
PTPRK,1.0698324,1.5816554458459378e-13,4.628108105082593e-11,up,astrocyte
SESTD1,1.2218279,1.66599402286285e-13,4.828018639909946e-11,up,astrocyte
MT-CO1,-2.0983632,7.064550956020906e-24,5.322962531587852e-20,down,astrocyte
MAP1B,-2.9043446,1.4606607260990373e-23,8.804570724779776e-20,down,astrocyte
ATP1B1,-2.8477077,2.631593257707526e-20,9.558641162722716e-17,down,astrocyte
SPARCL1,-1.530507,1.4672177438604596e-18,4.020043234746399e-15,down,astrocyte
HSP90AA1,-2.0754142,9.796964219038093e-18,1.6403928033199392e-14,down,astrocyte
HSP90AB1,-2.7333345,1.7078469212437612e-15,1.169836326349221e-12,down,astrocyte
NEFM,-3.5398927,4.747520814608405e-13,1.0598928135665388e-10,down,astrocyte
CALM1,-1.9428842,5.222102648586692e-13,1.1242067980411018e-10,down,astrocyte
SNAP25,-2.2866426,1.697227343449898e-12,3.1001657517719075e-10,down,astrocyte
CHN1,-1.1494881,1.0961513549982175e-11,1.280500220476406e-09,down,astrocyte
COPG2,-1.5257266,2.0249307559448678e-11,2.0758295256266118e-09,down,astrocyte
MT-ND6,-1.3361558,3.147868020560785e-11,2.9372629805474144e-09,down,astrocyte
MT-ND5,-1.3322086,7.294053891573306e-11,6.140656151903013e-09,down,astrocyte
MALAT1,-1.5317281,2.8826358986788877e-09,1.2814124387947345e-07,down,astrocyte
OLFM1,-2.416788,8.612849889375569e-09,3.224629600197395e-07,down,astrocyte
RTN3,-1.5202745,1.7526280657843037e-08,5.90195053348303e-07,down,astrocyte
PTPN11,-0.943767,2.0439867284615386e-08,6.717962487361211e-07,down,astrocyte
ITM2B,-1.6584837,2.3790891686716453e-08,7.595695810868084e-07,down,astrocyte
RTN4,-1.1418418,2.9761343132010973e-08,9.162176921917044e-07,down,astrocyte
YWHAH,-2.8326356,6.798865408916581e-08,1.8410692233543288e-06,down,astrocyte
MT-ND2,-1.1324033,1.2265942128880796e-07,3.0476770801511813e-06,down,astrocyte
CALM2,-1.367072,1.2661145795868466e-07,3.1252602222905783e-06,down,astrocyte
MT-TS1,-1.6818988,1.4668292030992794e-07,3.57386947067172e-06,down,astrocyte
NEFL,-2.663204,6.856601869780075e-07,1.320454464877327e-05,down,astrocyte
GNAS,-1.4232229,8.631635256746181e-07,1.6028888170244802e-05,down,astrocyte
SLC1A2,-0.85882723,1.74418759281019e-06,2.936763679313202e-05,down,astrocyte
ENC1,-3.2777019,2.0728778153183893e-06,3.410178191914898e-05,down,astrocyte
CAMK2N1,-1.690769,3.047158938110892e-06,4.74371504316757e-05,down,astrocyte
IDS,-1.7359675,5.32535957284938e-06,7.690513280599303e-05,down,astrocyte
TMSB4X,-2.5345902,5.5266974595082055e-06,7.93942491573488e-05,down,astrocyte
VPS35L,-0.68881714,6.441151939440368e-06,9.025098944806752e-05,down,astrocyte
GRIA2,-0.9172183,7.244826862927042e-06,0.000100253368605,down,astrocyte
GABRA1,-1.9070032,1.282017193024588e-05,0.0001620071957256,down,astrocyte
COPG2IT1,-2.1327257,1.3137933902807746e-05,0.0001654676932288,down,astrocyte
MAP1A,-1.6147252,1.329961904226241e-05,0.0001671548033005,down,astrocyte
NORAD,-1.6606075,1.9717743622227263e-05,0.0002347050059361,down,astrocyte
MDH1,-2.1310346,3.321753588212538e-05,0.0003686094675815,down,astrocyte
NRCAM,-0.5397763,3.693257392437485e-05,0.0004052096270501,down,astrocyte
VSNL1,-1.5539674,4.335677294173488e-05,0.0004642024084159,down,astrocyte
TUBA1B,-2.0292575,5.078325508002156e-05,0.0005316278307942,down,astrocyte
SNAP25-AS1,-0.89071506,5.305946755582995e-05,0.0005527685076616,down,astrocyte
STMN1,-1.9399263,6.721873068702557e-05,0.0006739538669914,down,astrocyte
EIF4A2,-2.0205524,8.135060973590857e-05,0.0007901469632067,down,astrocyte
ACTB,-1.4400151,8.625411837635625e-05,0.0008297519545946,down,astrocyte
SCG2,-3.8666236,0.0001070231534096,0.0009930944644742,down,astrocyte
YWHAG,-1.7160107,0.0001156736012194,0.001060951511611,down,astrocyte
CPE,-0.6506835,0.0001192064275484,0.0010870688411144,down,astrocyte
TUBB2A,-1.9741018,0.0001236250595097,0.0011209192745381,down,astrocyte
MATR3,-1.3507175,0.0001330499149851,0.0011930947300615,down,astrocyte
GRM3,-0.9236397,0.0001712627564675,0.0014836700825452,down,astrocyte
SCG3,-1.3421345,0.0002225416788564,0.0018426328733669,down,astrocyte
PPP1R3C,-2.1501863,0.0002588576038954,0.0021011875367098,down,astrocyte
YWHAB,-1.33858,0.0002774672988767,0.0022264608415454,down,astrocyte
GPM6A,-0.5078141,0.0002894772994788,0.0023050346972242,down,astrocyte
MATR3,-1.277662,0.0003056348876484,0.0024082431055785,down,astrocyte
IL3RA,-0.8282585,0.0003152430766506,0.0024703876981732,down,astrocyte
PNMA2,-2.0464954,0.000320702414264,0.002505352530716,down,astrocyte
SNHG14,-0.48839507,0.0003251334675534,0.0025366807089294,down,astrocyte
CREG2,-2.2820163,0.0003553615780866,0.0027294196233318,down,astrocyte
ARPP19,-1.9054196,0.0003958383860216,0.0029922681505657,down,astrocyte
MT-ND4L,-0.71249044,0.0004458037045573,0.0033020589460932,down,astrocyte
SERINC1,-1.4462526,0.0004495620676677,0.0033249941490644,down,astrocyte
KIF3A,-1.3019608,0.0005091821234848,0.0036969983184073,down,astrocyte
NRXN1,-0.35086972,0.0005303469098059,0.0038239534724021,down,astrocyte
UCHL1,-2.119598,0.0005919985004334,0.0041902871781504,down,astrocyte
NDUFA4,-1.9297234,0.000662431208759,0.0046108577830924,down,astrocyte
APP,-0.8788622,0.0006788601736927,0.0047088991426753,down,astrocyte
BMP2K,-0.7557199,0.0006894602547326,0.0047703495448547,down,astrocyte
TSPAN7,-0.9790204,0.00073520515594,0.0050405705629837,down,astrocyte
UBC,-1.7561872,0.0007581990615481,0.0051641494951412,down,astrocyte
ID2,-1.4664295,0.0009006493791562,0.0059697980291159,down,astrocyte
ANK2,-0.33297956,0.0010229459685766,0.0066202638065131,down,astrocyte
SEPTIN7,-0.7736004,0.0010709508451631,0.0068704528570395,down,astrocyte
LSAMP,-0.34251946,0.0011486796388723,0.0072884327654682,down,astrocyte
MT-CO2,-0.69256747,0.0011732716086596,0.0074241513779958,down,astrocyte
MT-ND1,-0.64904594,0.0012115466239566,0.0076247240967694,down,astrocyte
FTX,-0.5716349,0.0012201013769634,0.0076689542023568,down,astrocyte
COX6C,-1.8720633,0.0012637181711137,0.0079084721676071,down,astrocyte
MT-TL1,-1.2583077,0.0014285159001465,0.0087704299683267,down,astrocyte
PRNP,-1.116573,0.0016340231536004,0.0098279432900346,down,astrocyte
STMN2,-1.8520964,0.0016365216273877,0.0098410066496091,down,astrocyte
PEBP1,-0.975594,0.0017433617418801,0.0103635462600645,down,astrocyte
RGS4,-2.6176753,0.0017593285499244,0.0104440423805739,down,astrocyte
ATP5F1B,-1.243438,0.0018053007781983,0.0106352541348947,down,astrocyte
NDRG4,-1.1489868,0.0020004453701401,0.0115989655657277,down,astrocyte
ADGRV1,-0.3984285,0.0020155319929375,0.0116707240605464,down,astrocyte
HSPA8,-1.2913271,0.0022834095519639,0.0130069326189075,down,astrocyte
LMO4,-1.4544345,0.0024175876668809,0.0136092033418238,down,astrocyte
PEA15,-1.5875173,0.0029492448743484,0.0159926756509515,down,astrocyte
SYT1,-0.5252798,0.0031413196174206,0.0168643092179269,down,astrocyte
SLC6A7,-1.8083895,0.0033688665572832,0.0178788993079694,down,astrocyte
PEG3,-1.9230523,0.0035677183121865,0.0187460708178153,down,astrocyte
YJU2,2.6791782,1.3416004964624592e-35,3.901508403762478e-31,up,oligodendrocyte
AVPI1,2.8326473,6.034741160905176e-33,8.77481538501417e-29,up,oligodendrocyte
PPP5C,2.3515472,3.576686244141884e-26,3.4671204221963377e-22,up,oligodendrocyte
FKBP5,1.6014813,1.1017285759310541e-14,8.009842179162746e-11,up,oligodendrocyte
ZBTB47-AS1,1.4409859,1.8639925771219023e-12,9.03446135588034e-09,up,oligodendrocyte
SLC7A14-AS1,1.4051496,2.302357844536135e-12,9.564981210993621e-09,up,oligodendrocyte
NKTR,1.4152216,4.939277399606769e-12,1.7954890757245558e-08,up,oligodendrocyte
NUMA1,1.7339389,1.5763960441804142e-11,3.820264446734218e-08,up,oligodendrocyte
SAMD4A,0.97817576,2.591765701023738e-11,5.797779873190101e-08,up,oligodendrocyte
P2RX7,1.6695102,4.4315237813355696e-11,9.205224506072837e-08,up,oligodendrocyte
DIP2C,0.9036264,1.0962340179220599e-10,1.9924738421994645e-07,up,oligodendrocyte
PNISR,1.2881601,1.4326624488658272e-10,2.4507798044392425e-07,up,oligodendrocyte
ANKRD18A,2.4828672,1.8632986350834627e-10,2.851925663519062e-07,up,oligodendrocyte
ZBTB16,1.2108312,1.8139256196408852e-10,2.851925663519062e-07,up,oligodendrocyte
OSBPL9,0.9588085,3.2280378273516317e-10,4.470217526533944e-07,up,oligodendrocyte
DONSON,0.87934726,4.4129192882775675e-10,5.833277537381816e-07,up,oligodendrocyte
ITGB8,0.9433362,5.925147656372337e-10,7.179550791456829e-07,up,oligodendrocyte
FGD4,0.9990394,1.3251876347565266e-09,1.5415112642541825e-06,up,oligodendrocyte
SRRM2,1.1402652,1.5543006922648495e-09,1.7384853242982342e-06,up,oligodendrocyte
PCA3,1.0778081,1.8706051330745402e-09,1.942823852676453e-06,up,oligodendrocyte
KLHL7,0.80971265,2.975865177278528e-09,2.8847045073478964e-06,up,oligodendrocyte
CLMN,1.1502154,3.4305593585689e-09,3.218196667952974e-06,up,oligodendrocyte
C8orf44-SGK3,0.9143786,7.052050204591015e-09,5.93596723901386e-06,up,oligodendrocyte
SLC13A3,1.3058724,7.3482624601801515e-09,5.93596723901386e-06,up,oligodendrocyte
OTUD7A,0.8930353,7.205730418549779e-09,5.93596723901386e-06,up,oligodendrocyte
SLC5A11,1.5471017,9.778699123405892e-09,7.109358730194168e-06,up,oligodendrocyte
KIZ,1.2111282,9.684159640495034e-09,7.109358730194168e-06,up,oligodendrocyte
ANKRD36C,0.8505955,1.29460553620626e-08,8.772338504479218e-06,up,oligodendrocyte
DIP2B,0.8525534,1.2971031109404986e-08,8.772338504479218e-06,up,oligodendrocyte
CSNK1A1,0.9309488,1.244422953770257e-08,8.772338504479218e-06,up,oligodendrocyte
NDUFAF6,0.8967518,1.5113760946067406e-08,9.5548539580997e-06,up,oligodendrocyte
KATNIP,0.8609485,1.5525131241145423e-08,9.606092374973404e-06,up,oligodendrocyte
MALAT1,0.51052344,1.6825561472410637e-08,9.786083063583476e-06,up,oligodendrocyte
PRANCR,0.85779685,1.6506660264377162e-08,9.786083063583476e-06,up,oligodendrocyte
MYO1E,1.019404,1.6255773158870446e-08,9.786083063583476e-06,up,oligodendrocyte
PRR5L,1.1309264,1.8388762163891217e-08,1.048556063702197e-05,up,oligodendrocyte
KIAA0930,1.7402341,2.0634951415714744e-08,1.154009657923847e-05,up,oligodendrocyte
CLEC16A,1.0701128,2.176259862548983e-08,1.194109680429943e-05,up,oligodendrocyte
AACS,0.9255733,2.2971734794801445e-08,1.2146200355774925e-05,up,oligodendrocyte
PIP4K2A,1.002504,2.8041317747742707e-08,1.4306483533721152e-05,up,oligodendrocyte
DNMT3A,0.93092203,2.936550320634893e-08,1.4723762047307468e-05,up,oligodendrocyte
PRRC2C,1.0217112,3.45112687642698e-08,1.7010545880232714e-05,up,oligodendrocyte
CLIP2,0.9196902,4.460396128025054e-08,2.003012085761729e-05,up,oligodendrocyte
LINC00609,0.93090135,4.477005108989112e-08,2.003012085761729e-05,up,oligodendrocyte
ANKRD36B,0.82657826,4.325632561814182e-08,2.003012085761729e-05,up,oligodendrocyte
ERBIN,0.9228874,4.281595038828079e-08,2.003012085761729e-05,up,oligodendrocyte
ADIPOR2,1.0129223,4.4686931375727725e-08,2.003012085761729e-05,up,oligodendrocyte
FNIP1,0.7599888,4.759866766484556e-08,2.0972982641839e-05,up,oligodendrocyte
PLD5P1,0.82474047,4.8399698660663226e-08,2.1007636369414145e-05,up,oligodendrocyte
TRAF3,0.986663,5.231388806941751e-08,2.23726496903931e-05,up,oligodendrocyte
RBPJ,0.8482723,5.947414441451157e-08,2.5066197010411752e-05,up,oligodendrocyte
RALGPS1,0.84034073,6.057954647995404e-08,2.5167339874050617e-05,up,oligodendrocyte
KBTBD11-OT1,1.1457138,7.010450161995083e-08,2.87142114311238e-05,up,oligodendrocyte
KLHL3,0.9920452,7.365783953857078e-08,2.975060599473856e-05,up,oligodendrocyte
PIEZO2,0.8033313,9.506623171088327e-08,3.749487995372224e-05,up,oligodendrocyte
SLC38A9,0.8764533,1.008373102938823e-07,3.749487995372224e-05,up,oligodendrocyte
PRRG1,1.0748051,1.0129502064047749e-07,3.749487995372224e-05,up,oligodendrocyte
BBS2,1.1652035,1.0277324742126904e-07,3.749487995372224e-05,up,oligodendrocyte
LINC02929,0.82573694,1.0314605399737903e-07,3.749487995372224e-05,up,oligodendrocyte
CNTN2,1.2825361,9.831089396071012e-08,3.749487995372224e-05,up,oligodendrocyte
SORT1,0.8734112,1.0714039293056103e-07,3.8411341835995405e-05,up,oligodendrocyte
INSR,0.8799221,1.0830886250650333e-07,3.8411341835995405e-05,up,oligodendrocyte
UBE4B,0.7260818,1.1249641909453696e-07,3.894652813914559e-05,up,oligodendrocyte
STARD9,0.95553267,1.1209094934519367e-07,3.894652813914559e-05,up,oligodendrocyte
JAM3,0.824794,1.3383965988695588e-07,4.579048410791252e-05,up,oligodendrocyte
MAP7,0.8645068,1.3712149516362614e-07,4.583482989486679e-05,up,oligodendrocyte
GOLGA4,0.7983451,1.537688053881809e-07,5.0815348062428265e-05,up,oligodendrocyte
TMEM64,1.0263544,1.678190896457217e-07,5.137207311565507e-05,up,oligodendrocyte
ANKH,0.9122396,1.6573847657324416e-07,5.137207311565507e-05,up,oligodendrocyte
ZDHHC11B,1.531964,1.602160473761573e-07,5.137207311565507e-05,up,oligodendrocyte
PRPF3,2.578369,1.6722206570046929e-07,5.137207311565507e-05,up,oligodendrocyte
LINC-PINT,0.8937468,1.6544328979335424e-07,5.137207311565507e-05,up,oligodendrocyte
RCL1,1.1448494,1.667756459577446e-07,5.137207311565507e-05,up,oligodendrocyte
LGR5,1.1284988,1.776564379112133e-07,5.381694657183326e-05,up,oligodendrocyte
MCF2L2,0.8856639,1.8310695431414466e-07,5.489621998360455e-05,up,oligodendrocyte
PDXDC2P-NPIPB14P,1.1100931,2.0169239707837457e-07,5.9851189790165415e-05,up,oligodendrocyte
GAS7,0.6958614,2.051134225141394e-07,6.025154990034028e-05,up,oligodendrocyte
NUP210L,0.89592946,2.093297351080233e-07,6.0875180266764246e-05,up,oligodendrocyte
ITGA2,0.93957704,2.21312159035192e-07,6.372256333566751e-05,up,oligodendrocyte
CFAP298-TCP10L,0.760753,2.3811397693534754e-07,6.722905401220233e-05,up,oligodendrocyte
HERC2,0.80013406,2.42983833624139e-07,6.794435447714986e-05,up,oligodendrocyte
GLG1,0.7990793,2.556954212594862e-07,7.081789091092495e-05,up,oligodendrocyte
PLD1,0.73513687,2.752503096351867e-07,7.507155446106797e-05,up,oligodendrocyte
LRP2,0.87910444,2.7621664754768656e-07,7.507155446106797e-05,up,oligodendrocyte
HOOK3,0.82724476,2.818369968071683e-07,7.588983059397464e-05,up,oligodendrocyte
OLMALINC,0.9946389,2.9315445848748464e-07,7.821307162637193e-05,up,oligodendrocyte
PCGF5,0.9543391,3.266576898946268e-07,8.635938436205128e-05,up,oligodendrocyte
CCDC144A,0.87249213,3.405947633947462e-07,8.843603852038048e-05,up,oligodendrocyte
CEP70,1.0507065,3.388217396581972e-07,8.843603852038048e-05,up,oligodendrocyte
INHCAP,1.1667502,3.5758066503963853e-07,9.121757298261164e-05,up,oligodendrocyte
LINC00342,0.8563876,3.5758066503963853e-07,9.121757298261164e-05,up,oligodendrocyte
SPARCL1,-1.5506363,6.051694105798936e-14,3.5197863258147767e-10,down,oligodendrocyte
NEFM,-1.8822856,6.963109993981247e-12,2.0249420173496865e-08,down,oligodendrocyte
HSP90AA1,-1.323191,9.527801875731099e-12,2.5188909668012374e-08,down,oligodendrocyte
ATP1B1,-1.493672,5.243419726184363e-11,1.0165592603811164e-07,down,oligodendrocyte
MAP1B,-1.2958455,2.6070935304754526e-10,3.790844347987832e-07,down,oligodendrocyte
CALM1,-1.4083098,5.117453116428776e-10,6.470463220820228e-07,down,oligodendrocyte
MT-ND5,-1.1426682,4.936967868188861e-09,4.486623830462508e-06,down,oligodendrocyte
MT-CO1,-1.1200558,5.979101779696698e-09,5.269038147132112e-06,down,oligodendrocyte
RTN1,-1.0171119,7.823031904477593e-09,6.148691643624672e-06,down,oligodendrocyte
SNAP25,-1.2009021,8.230623535164773e-09,6.298809553319125e-06,down,oligodendrocyte
HSP90AB1,-1.6104629,2.2306268794890146e-08,1.2012751904151856e-05,down,oligodendrocyte
MT-ND4L,-1.1919103,2.590489486143196e-08,1.3452504419023263e-05,down,oligodendrocyte
ENC1,-1.8037007,3.5760834607116475e-08,1.733268052015924e-05,down,oligodendrocyte
STMN2,-1.6712801,4.796592491215741e-07,0.0001089763329976,down,oligodendrocyte
MT-ND6,-0.9198966,9.24011834621898e-07,0.0001672691137962,down,oligodendrocyte
NDUFA4,-2.3377552,1.4104222817339997e-06,0.0002266104440613,down,oligodendrocyte
CALM2,-1.2559047,1.7697400594372074e-06,0.000257750709432,down,oligodendrocyte
HSPA8,-1.9228631,2.7255066636132003e-06,0.0003416399107092,down,oligodendrocyte
RTN4,-0.88266844,3.80667203907107e-06,0.0004341248218361,down,oligodendrocyte
SYT1,-0.62920487,4.266509127337686e-06,0.0004646979473112,down,oligodendrocyte
SNAP25-AS1,-0.7537646,4.537345035588821e-06,0.0004798201126543,down,oligodendrocyte
RTN3,-0.9619147,5.037550649997111e-06,0.0005176572807511,down,oligodendrocyte
COPG2,-0.99334013,5.169605871456429e-06,0.0005238233740342,down,oligodendrocyte
VPS35L,-0.6083487,5.913323607528418e-06,0.0005849162035052,down,oligodendrocyte
VSNL1,-1.1418539,8.059177721001402e-06,0.0007211352224752,down,oligodendrocyte
MDH1,-1.9228824,8.196594764887672e-06,0.0007267230864563,down,oligodendrocyte
GNAS,-1.2521452,1.094635499748716e-05,0.0009121230649911,down,oligodendrocyte
NDRG4,-1.4781821,2.0889818195831348e-05,0.0014816995193974,down,oligodendrocyte
GPM6A,-0.7103451,2.4030924956941465e-05,0.0016028516712679,down,oligodendrocyte
YWHAH,-1.524999,2.694443415568372e-05,0.0017259275103115,down,oligodendrocyte
YWHAZ,-1.439546,2.777903501027646e-05,0.0017612823965896,down,oligodendrocyte
APP,-0.6292351,3.614207526156105e-05,0.002070474042183,down,oligodendrocyte
MT-CO2,-0.8673762,3.708556320262756e-05,0.0021188315589304,down,oligodendrocyte
NEFL,-1.4560114,3.7916703608221526e-05,0.002139351758211,down,oligodendrocyte
TMSB4X,-1.402181,4.095253877034896e-05,0.0022402044002813,down,oligodendrocyte
TUBB2A,-1.4794432,7.658472040617918e-05,0.0034048234635219,down,oligodendrocyte
MT-ND1,-0.76278496,0.0001473673217229,0.0051758322258745,down,oligodendrocyte
MT-ND4,-0.8203067,0.0001547748297378,0.0053519700637412,down,oligodendrocyte
YWHAB,-1.2867064,0.0001612495263246,0.0055038702758767,down,oligodendrocyte
CAMK2N1,-1.0089924,0.0002102345711148,0.0065669511950497,down,oligodendrocyte
MT-CYB,-0.7961353,0.0002428605515787,0.007285823505653,down,oligodendrocyte
LMO4,-1.0189924,0.0003323735494035,0.0087078875587426,down,oligodendrocyte
MT-ATP8,-0.7655935,0.0003460624572512,0.0089116658530939,down,oligodendrocyte
SCG2,-2.5264664,0.0005183155259115,0.0114974323486146,down,oligodendrocyte
OLFM1,-1.1971736,0.000552031792226,0.0119576698728276,down,oligodendrocyte
RGS4,-1.7492135,0.0005646343037151,0.0121265810008886,down,oligodendrocyte
NRXN3,-0.4300536,0.00057469869819,0.0121961923154009,down,oligodendrocyte
MT-CO3,-0.6759891,0.0006325295554101,0.0129526535274146,down,oligodendrocyte
EIF4A2,-1.2075391,0.0006375212006067,0.0130194901930088,down,oligodendrocyte
ATP2B1,-0.8745157,0.0006578564603745,0.0132762829452829,down,oligodendrocyte
OPCML,-0.48899397,0.0007698085104264,0.0147281587445464,down,oligodendrocyte
PTPN11,-0.47911125,0.000891315063347,0.0162103398106292,down,oligodendrocyte
CNTN1,-0.5406437,0.0011441250551982,0.0190127432744122,down,oligodendrocyte
GABRB2,-0.7130234,0.0013738112260449,0.0211050207420037,down,oligodendrocyte
YWHAE,-1.0538625,0.0014371191165643,0.0216880441249645,down,oligodendrocyte
ATP2A2,-1.1305088,0.0015271567479359,0.0224526013077483,down,oligodendrocyte
NORAD,-1.3238227,0.0015807838341215,0.0229739003898488,down,oligodendrocyte
NDUFAF2,-0.4665541,0.0017404932107156,0.0243694189026582,down,oligodendrocyte
PLCB1,-0.47180858,0.0024467401842628,0.0299468229370997,down,oligodendrocyte
ADGRL3,-0.44813526,0.0024802934220509,0.0302049468202112,down,oligodendrocyte
ERBB4,-0.44576207,0.0025891077725724,0.0311131583199093,down,oligodendrocyte
COX7A2,-1.9598122,0.002660215152444,0.0317056216591082,down,oligodendrocyte
MT-ND2,-0.6462798,0.0029406849565466,0.0338551303330693,down,oligodendrocyte
IDS,-0.9435808,0.0030563137078528,0.0346513290206892,down,oligodendrocyte
NTRK2,-0.5514803,0.0032375453274011,0.0360593855481245,down,oligodendrocyte
RABGEF1P1,-0.13140398,0.0033000981324531,0.0365044327842787,down,oligodendrocyte
FAM182B,-0.19179757,0.0033141474034437,0.0366459013838583,down,oligodendrocyte
MAP2,-0.59918386,0.0033229558392373,0.0367153794684123,down,oligodendrocyte
GRIA2,-0.57012445,0.0034999622175105,0.0377391180005285,down,oligodendrocyte
BASP1,-0.762612,0.0040014668149911,0.0412501440789639,down,oligodendrocyte
ATP5F1A,-1.2854296,0.0040434351916607,0.0414915803841518,down,oligodendrocyte
NLGN1,-0.3989914,0.0041114162687463,0.0418495262553074,down,oligodendrocyte
GRID2,-0.41317087,0.0042350816663877,0.0425277658633365,down,oligodendrocyte
SLC17A7,-0.8968608,0.0045321777050942,0.0442431217998808,down,oligodendrocyte
YWHAG,-0.8453287,0.004621823188344,0.0446091072486673,down,oligodendrocyte
EGR1,-2.673101,0.0046408993113105,0.0446746086965317,down,oligodendrocyte
GAP43,-0.8418214,0.004920590191031,0.0464898256482692,down,oligodendrocyte
STAU1,-0.17131828,0.004945837541588,0.0466223343750157,down,oligodendrocyte
STMN1,-0.96192884,0.0057020767372966,0.0506481654237395,down,oligodendrocyte
TMEM50B,-0.01629402,0.0058593904439776,0.0515573172469939,down,oligodendrocyte
PRKCB,-0.5027361,0.0061088239533266,0.052825069695716,down,oligodendrocyte
ATP6AP2,-1.4261812,0.0068338027495016,0.0566354567564139,down,oligodendrocyte
SNHG14,-0.328922,0.0069189509319765,0.0570970522283794,down,oligodendrocyte
FAM47E,-0.037122183,0.0069326627351991,0.0571777552473983,down,oligodendrocyte
APLP2,-1.1222627,0.0069360944977523,0.0571898395489473,down,oligodendrocyte
VAMP2,-0.839094,0.0069670490951181,0.0573272054090912,down,oligodendrocyte
IFNGR2,-0.12521641,0.0078664891795766,0.0618284788733161,down,oligodendrocyte
COX6C,-1.3785919,0.008076470237851,0.0630359181392769,down,oligodendrocyte
BEX1,-1.8453479,0.0086444214959773,0.0660332076502539,down,oligodendrocyte
BAHD1,-0.07173779,0.0095268288970582,0.0703171855724238,down,oligodendrocyte
ACTG1,-0.905551,0.009609228766249,0.0707279123642845,down,oligodendrocyte
NRGN,-0.854232,0.0099641873963071,0.072315581150988,down,oligodendrocyte
ROBO2,-0.3856687,0.0108518686716285,0.0763569302781588,down,oligodendrocyte
MORC4,-0.048420582,0.0114390491579322,0.0789039346683655,down,oligodendrocyte
SCG3,-1.2101402,0.0115197937152474,0.0792353644827602,down,oligodendrocyte
NEAT1,1.9232153,1.8606124080278077e-214,4.05073927351734e-210,up,microglial_cell
FKBP5,1.641787,2.282161999548718e-101,2.484247444608757e-97,up,microglial_cell
ACSL1,1.8862103,5.1233205085448025e-80,3.717993693050963e-76,up,microglial_cell
DPYD,1.8459457,3.912204731910049e-74,2.1293152304603417e-70,up,microglial_cell
FMN1,1.4450492,1.4854951959870472e-71,6.4681431823668e-68,up,microglial_cell
SLC1A3,1.0125146,7.485023112397427e-70,2.715940636333406e-66,up,microglial_cell
SLC11A1,1.4161426,2.868854413229794e-63,8.922547061489407e-60,up,microglial_cell
DISC1,1.2663466,2.442556890465437e-62,6.647113257790378e-59,up,microglial_cell
MS4A6A,1.4925889,3.393789138828503e-61,8.209575926826149e-58,up,microglial_cell
SLA,1.3631202,7.075780426071843e-60,1.5404681565601006e-56,up,microglial_cell
SSH2,1.0063568,1.2125459398527214e-59,2.3998488778666897e-56,up,microglial_cell
DOCK5,1.613087,4.287584604810589e-59,7.778750369277609e-56,up,microglial_cell
HIF1A,1.303285,1.725262016926312e-58,2.8892830285002103e-55,up,microglial_cell
LINC02232,1.4929974,1.0125947234525123e-57,1.574657123163189e-54,up,microglial_cell
LINC01684,2.7447815,1.1126062963929208e-57,1.614836778584685e-54,up,microglial_cell
P4HA1,1.5209104,1.1017800413563928e-56,1.4991783300231271e-53,up,microglial_cell
KCNMA1,1.1422595,6.062577767955873e-53,7.764022387421606e-50,up,microglial_cell
ARHGAP26,0.9279622,2.085600060860501e-50,2.5225332736107766e-47,up,microglial_cell
HCLS1,1.0585312,3.547614836766879e-49,4.065006453223775e-46,up,microglial_cell
RNF150,1.4965814,2.8605439766211835e-48,3.113845145750989e-45,up,microglial_cell
SCIN,1.330754,2.454927286702118e-47,2.545058188513896e-44,up,microglial_cell
TLR2,1.1160334,2.638076125776633e-47,2.6106161515583214e-44,up,microglial_cell
TANC2,1.1229745,3.940827094023957e-46,3.7302498549563295e-43,up,microglial_cell
LRRK2,1.400097,2.6966134366664925e-44,2.446165463736092e-41,up,microglial_cell
CD163,2.1777356,5.604449474351629e-44,4.880578780244371e-41,up,microglial_cell
DENND3,0.9742897,8.032157227218525e-44,6.72569596129902e-41,up,microglial_cell
UGCG,1.3471943,8.441167676847945e-44,6.806394870098392e-41,up,microglial_cell
ZBTB16,1.2173833,1.5780942104942637e-43,1.2270246091668075e-40,up,microglial_cell
CCND3,1.180028,3.073381099974645e-43,2.3072613768119995e-40,up,microglial_cell
ARHGAP15,0.9282069,1.916631566638395e-42,1.3908995279094834e-39,up,microglial_cell
LNCAROD,1.217283,2.2370842474777804e-42,1.5710826178012502e-39,up,microglial_cell
MIR3667HG,4.1103106,5.370901158490122e-42,3.654059035046514e-39,up,microglial_cell
ETV6,0.9224199,9.137262613947124e-42,6.028101344492208e-39,up,microglial_cell
TBC1D14,1.1262563,1.6887414280193102e-41,1.0813408714531883e-38,up,microglial_cell
ABHD3,1.3961803,1.9668419641896337e-41,1.2234318972106435e-38,up,microglial_cell
GLDN,1.2080264,3.5220882341352435e-41,2.1299828595932887e-38,up,microglial_cell
PLSCR1,1.1392988,7.20910309589426e-41,4.241875229749026e-38,up,microglial_cell
PADI2,1.2075901,2.9342274221334317e-40,1.68108066334913e-37,up,microglial_cell
DLEU1,1.1324918,5.0128487081591296e-40,2.798326390393139e-37,up,microglial_cell
MT-RNR2,1.6663624,1.2920845140188267e-39,7.03249298867597e-37,up,microglial_cell
ABHD15-AS1,1.3030506,2.6910576816846567e-39,1.4289516289745527e-36,up,microglial_cell
SRGAP3,1.1719706,2.1623102665587326e-38,1.1208489717440517e-35,up,microglial_cell
FRMD4B,0.9586527,2.112831253504795e-37,1.0697313772105323e-34,up,microglial_cell
PTPN2,1.0491589,3.1359752367876044e-37,1.5516662927296122e-34,up,microglial_cell
ATG7,0.96244675,1.3651270286376292e-36,6.604484564548849e-34,up,microglial_cell
CHST11,0.7570049,4.702961265943384e-36,2.2258297765402916e-33,up,microglial_cell
UTRN,0.97574,7.312460461070878e-36,3.387225036127109e-33,up,microglial_cell
SIPA1L1,1.0707197,1.4344300557946757e-35,6.506036821813726e-33,up,microglial_cell
FOXP1,1.6235077,3.1581534749258306e-35,1.4031869245430664e-32,up,microglial_cell
MIR29B2CHG,1.1296957,1.972146147473889e-34,8.418743877775302e-32,up,microglial_cell
MIR181A1HG,1.9312692,2.16522284052208e-34,8.894163483208715e-32,up,microglial_cell
CACNA1A,1.0876375,2.16522284052208e-34,8.894163483208715e-32,up,microglial_cell
CYTH1,1.04331,2.942612826397441e-34,1.186363404509235e-31,up,microglial_cell
IGF2R,1.5408211,4.218571795686561e-34,1.6698641193434932e-31,up,microglial_cell
HDAC4,1.028656,1.6506215238929886e-33,6.417085927977545e-31,up,microglial_cell
LINC01094,1.1077642,1.803844546980712e-33,6.889736777599487e-31,up,microglial_cell
MGAT1,1.2591399,1.927478164634712e-33,7.23502191763143e-31,up,microglial_cell
CIITA,1.0001192,7.339577211901556e-33,2.7083039911916743e-30,up,microglial_cell
PBX3,1.2802633,1.3550829520429412e-32,4.916918491487812e-30,up,microglial_cell
MSN,1.0250252,1.6821273630899803e-32,6.003540134726552e-30,up,microglial_cell
RPS6KA3,0.91711926,2.3334278689135598e-32,8.193719053889856e-30,up,microglial_cell
MT-ND3,1.1528219,2.803648181444282e-32,9.688607072733884e-30,up,microglial_cell
H2AC6,1.2628562,3.9683413628676546e-32,1.3499181220467456e-29,up,microglial_cell
PRKAG2,0.9047628,5.250771463896912e-32,1.7586853160076873e-29,up,microglial_cell
MS4A4A,1.511218,6.922454023255836e-32,2.283465856671255e-29,up,microglial_cell
TBC1D8,1.7114826,8.519514388391562e-32,2.7683335485025776e-29,up,microglial_cell
CPM,1.1122607,1.0024604994391734e-31,3.20949522548386e-29,up,microglial_cell
NUFIP2,0.9359018,1.120674230545678e-31,3.5359708222043416e-29,up,microglial_cell
MT-CO2,1.0047497,1.2380467515671162e-31,3.850502261195384e-29,up,microglial_cell
FAM13A,0.94803226,1.3612343039567252e-31,4.1740045114706844e-29,up,microglial_cell
TGFBR1,0.85508806,1.5813664076538867e-31,4.7161545289085977e-29,up,microglial_cell
PRRC2B,2.8633883,2.338519775879564e-31,6.879988383874861e-29,up,microglial_cell
DOCK11,0.8711466,9.396783011528826e-31,2.7276981725865868e-28,up,microglial_cell
MIR646HG,1.0514851,1.1272032933561857e-30,3.228992486797041e-28,up,microglial_cell
ZMAT3,1.0968444,1.3841434727329682e-30,3.913530849983045e-28,up,microglial_cell
RNF149,0.85817724,2.4358524820711848e-30,6.712777770528072e-28,up,microglial_cell
TTC7A,0.94188523,4.642210399656136e-30,1.2633195326364215e-27,up,microglial_cell
FCGR2A,1.2929714,5.7248010387422915e-30,1.5386993014130667e-27,up,microglial_cell
TNFRSF1B,0.9036372,9.506789962447753e-30,2.5240527350298784e-27,up,microglial_cell
RASSF2,1.0517602,1.0308196995717904e-29,2.7038524914912588e-27,up,microglial_cell
BMP2K,0.76944757,1.0919630038647574e-29,2.8301341139451945e-27,up,microglial_cell
RNF144B,1.2682772,1.1670383846594534e-29,2.9891285496965834e-27,up,microglial_cell
IL4R,1.0904677,1.4995271245905838e-29,3.796070352262978e-27,up,microglial_cell
XIST,1.3473443,1.6729582672545918e-29,4.186433843264336e-27,up,microglial_cell
SKAP2,0.7684659,1.7787156219683397e-29,4.400502023394628e-27,up,microglial_cell
MYO1E,1.2323153,1.9675699410712569e-29,4.8130297962991376e-27,up,microglial_cell
NCK2,0.8436211,2.578637481194827e-29,6.237724067010287e-27,up,microglial_cell
MT-RNR1,1.7188302,3.5347897801100415e-29,8.456693220085243e-27,up,microglial_cell
TRPS1,0.9811594,5.354114960850298e-29,1.267004747963824e-26,up,microglial_cell
TRPM2,0.86348504,5.413059540308177e-29,1.267179776903756e-26,up,microglial_cell
HIF1A-AS3,1.3641751,8.898898298580902e-29,2.0610416474298384e-26,up,microglial_cell
VMP1,0.8010702,1.796732326322835e-28,4.074652028789004e-26,up,microglial_cell
POU2F2,0.9074773,1.9933119769023502e-28,4.473855159705265e-26,up,microglial_cell
KCTD12,0.9066798,2.020263271235626e-28,4.488076701843961e-26,up,microglial_cell
MBP,0.7298785,2.3384630103188517e-28,5.142492747237548e-26,up,microglial_cell
MSR1,0.89353013,2.403505497334501e-28,5.227654781865596e-26,up,microglial_cell
NHSL1,0.99470097,2.425213049324446e-28,5.227654781865596e-26,up,microglial_cell
DSE,1.1355816,3.3701006319772058e-28,7.193182437134878e-26,up,microglial_cell
ST6GALNAC3,-0.74521476,1.2624831846397104e-34,5.497104282558229e-32,down,microglial_cell
NAV2,-1.3593044,1.502866760509107e-31,4.5442933670894125e-29,down,microglial_cell
FRMD4A,-0.17093903,7.028492620440472e-27,1.2967568884712671e-24,down,microglial_cell
RASGEF1C,-0.83391905,2.5164921862313544e-25,4.0885486109285684e-23,down,microglial_cell
P2RY12,-0.6722235,1.4941388226513118e-23,2.0079565622186238e-21,down,microglial_cell
CX3CR1,-0.82852507,7.587397093709475e-23,9.641766870212772e-21,down,microglial_cell
CYFIP1,-0.518909,2.2518465211744896e-22,2.6789590498628312e-20,down,microglial_cell
SRGAP2C,-0.6950901,7.758494945209592e-22,8.797405908966561e-20,down,microglial_cell
SRGAP2B,-0.587279,2.302537548518885e-21,2.4693864516652534e-19,down,microglial_cell
MEF2C,-0.24586517,6.53584861509462e-21,6.711884915057781e-19,down,microglial_cell
SYNDIG1,-0.53227615,1.9129365966142784e-17,1.352160475483424e-15,down,microglial_cell
CECR2,-1.2221131,6.058315475619201e-16,3.593885183098246e-14,down,microglial_cell
LINC00996,-2.3487027,1.5700002607177106e-15,8.901165540647208e-14,down,microglial_cell
HTRA1,-0.64026666,2.0926579073735645e-15,1.1711890822989684e-13,down,microglial_cell
SRGAP2,-0.31573334,2.7352412223354523e-14,1.3381783517183174e-12,down,microglial_cell
MED12L,-1.0294216,3.4801120091620553e-14,1.6911946105238193e-12,down,microglial_cell
NAV3,-0.26447818,4.0613548040342133e-13,1.7371268259062643e-11,down,microglial_cell
ZFPM2-AS1,-1.1044277,9.288620478379168e-13,3.690192635671402e-11,down,microglial_cell
SFMBT2,-0.18455748,5.7279277781264456e-12,2.0488458145427818e-10,down,microglial_cell
KCNQ3,-0.2893235,8.382761948035773e-12,2.9530924008201745e-10,down,microglial_cell
MAP4K4,-0.2611818,1.2815859606129168e-11,4.3801268364998126e-10,down,microglial_cell
KBTBD12,-0.8364962,3.1343314853202727e-10,8.393300217331817e-09,down,microglial_cell
CCL3L3,-2.634393,4.944131967434154e-09,1.0785440587475849e-07,down,microglial_cell
ANKRD44,-0.114342704,8.19014538892883e-09,1.7277873571935039e-07,down,microglial_cell
CKB,-0.9116511,9.626403923742697e-09,2.0170975921443917e-07,down,microglial_cell
LILRB4,-0.8916721,1.3327238818718693e-08,2.6840639807800614e-07,down,microglial_cell
CSF2RA,-0.44054243,1.859390308117896e-08,3.620821681398453e-07,down,microglial_cell
ITPR2,-0.061952475,2.1263664841402107e-08,4.118605402688303e-07,down,microglial_cell
SOX5,-0.9211404,2.420857695717474e-08,4.631326264803614e-07,down,microglial_cell
PDE4B,-0.47795624,3.146444946576202e-08,5.874893047333663e-07,down,microglial_cell
SAMSN1,-0.33289403,1.0342754437835653e-07,1.7387807480009265e-06,down,microglial_cell
HS3ST4,-0.3498037,1.1920791243720317e-07,1.985673650857192e-06,down,microglial_cell
LRP1B,-0.7247423,1.365509046981306e-07,2.247051962345428e-06,down,microglial_cell
PSD3,-0.6672758,1.4363874951217297e-07,2.345955900697312e-06,down,microglial_cell
ST6GAL1,-0.09998388,2.0651395834977738e-07,3.267453043047241e-06,down,microglial_cell
PCDH9,-0.6526133,2.1584339963596925e-07,3.402698518084494e-06,down,microglial_cell
ASTN1,-1.4156352,2.8276603270895937e-07,4.3413958378750025e-06,down,microglial_cell
C12orf75,-0.6702113,7.389084738091225e-07,1.0331905191585358e-05,down,microglial_cell
DHRS9,-1.0271921,8.146826740060231e-07,1.128991501959588e-05,down,microglial_cell
P2RY13,-0.7260714,9.246328034504812e-07,1.2660491046490832e-05,down,microglial_cell
A2M,-0.2526089,1.8122061937767325e-06,2.322162509989008e-05,down,microglial_cell
USP53,-0.3781493,2.113041553754108e-06,2.6637537734094204e-05,down,microglial_cell
LINC02712,-0.6055973,2.81551029811843e-06,3.459169001147649e-05,down,microglial_cell
HCG22,-2.0437376,3.3446577477411344e-06,4.056631968026308e-05,down,microglial_cell
LINC-PINT,-2.1207485,4.650585866601602e-06,5.472410042953518e-05,down,microglial_cell
APBA2,-1.006567,9.081712938577105e-06,9.980715415737614e-05,down,microglial_cell
UNC5C,-1.0963409,9.958328240130589e-06,0.0001083411073269,down,microglial_cell
CTNNA3,-0.83689165,1.162205334981124e-05,0.0001243971108548,down,microglial_cell
PER3,-0.8871163,1.57298629137391e-05,0.0001618406642225,down,microglial_cell
SYT1,-0.4904522,1.8135178885104224e-05,0.0001838086496776,down,microglial_cell
TLN2,-0.2797381,2.0952416057841488e-05,0.0002094375803467,down,microglial_cell
SRGAP2-AS1,-0.9104103,2.5680379936076505e-05,0.000249592656959,down,microglial_cell
IPCEF1,-0.6924357,2.719299461800262e-05,0.0002630025259122,down,microglial_cell
RGS10,-0.28633046,3.1192504354440714e-05,0.0002973257496937,down,microglial_cell
IGSF10,-1.606246,3.5576915787954455e-05,0.0003360282141516,down,microglial_cell
PSMA1,-0.37839806,3.920033635183325e-05,0.0003656514664591,down,microglial_cell
PDE4D,-0.50323224,4.0918640845195e-05,0.0003797225834152,down,microglial_cell
IGF1,-1.0192327,5.058355676118672e-05,0.0004601983344119,down,microglial_cell
MKNK1,-0.28908768,5.217030837613992e-05,0.0004730528045218,down,microglial_cell
PLCXD3,-1.0582303,6.986779843212781e-05,0.0006126024324067,down,microglial_cell
LPAR1,-0.52758414,8.859478642153312e-05,0.0007525544655416,down,microglial_cell
NCKAP5,-0.3052148,0.0001022823089929,0.0008544850917443,down,microglial_cell
CH25H,-0.7010951,0.0001310370183867,0.0010664698793639,down,microglial_cell
SIPA1L2,-0.22305232,0.0001313504712748,0.0010686214910777,down,microglial_cell
NLGN1,-0.83939314,0.0001626154099282,0.0012859789646017,down,microglial_cell
KCNIP4,-0.43088308,0.0001714345395789,0.0013464290624726,down,microglial_cell
PLAT,-0.9633398,0.0001994750515649,0.0015356334326803,down,microglial_cell
RPL13A,-0.13033314,0.0002608269377361,0.0019533757349341,down,microglial_cell
B3GNT5,-0.37237394,0.0003221384430738,0.0023393182268714,down,microglial_cell
CAPZB,-0.08281332,0.000349252645111,0.0025185754676093,down,microglial_cell
DPYS,-1.811463,0.0003522073522383,0.002536522085869,down,microglial_cell
CACNB4,-0.59376705,0.0004079688795657,0.0028902995369431,down,microglial_cell
ZBTB20,-0.09810261,0.0004208808291727,0.0029706379156413,down,microglial_cell
LINGO1,-2.1229951,0.00042131627736,0.0029713238336265,down,microglial_cell
MRC1,-0.5803917,0.0004792339306721,0.0033333552411064,down,microglial_cell
DLG2,-0.41639253,0.0006436318039351,0.0043062409353016,down,microglial_cell
PTPRD,-0.523212,0.0008403317437385,0.0054465205099531,down,microglial_cell
AKT3,-0.2240622,0.0008719771691068,0.0056165132984099,down,microglial_cell
CCSER1,-0.74981195,0.0010580584938807,0.006669076858795,down,microglial_cell
EEF1A1,-0.06393576,0.0012537837497838,0.0077457792328442,down,microglial_cell
GUSBP14,-6.5028443,0.0013432782911477,0.0081940352133868,down,microglial_cell
CADM2,-0.51558477,0.0014110965771338,0.0085498792790242,down,microglial_cell
NRXN1,-0.46257466,0.0014220392325169,0.0086045625711859,down,microglial_cell
MROCKI,-0.68805957,0.0015332481524909,0.0091877289737315,down,microglial_cell
AFF3,-1.0410962,0.0015569566448598,0.009302004147981,down,microglial_cell
RPL23,-0.028829755,0.0017425675935377,0.0102811488018724,down,microglial_cell
KHDRBS3,-0.27844864,0.0020026631648348,0.0116235616533243,down,microglial_cell
RPS5,-0.0033364263,0.002188279937081,0.0125569432024752,down,microglial_cell
GRIA2,-0.7258607,0.0025055754095742,0.0141318347776792,down,microglial_cell
RPL22,-0.028386945,0.0030844466722375,0.0169084692598756,down,microglial_cell
SSBP2,-0.2079437,0.003138179446791,0.0171618449475225,down,microglial_cell
ADGRL3,-0.426296,0.0033086260798647,0.0179631168041735,down,microglial_cell
GGTA2P,-6.588587,0.0033610096670289,0.0182111850325751,down,microglial_cell
RPL27,-0.06883543,0.0042338456544866,0.0223184149500793,down,microglial_cell
OAZ1,-0.060500976,0.0042812463674203,0.0225192110812053,down,microglial_cell
ABCC4,-0.076247774,0.0043289412907153,0.0227261588715127,down,microglial_cell
LINC01141,-0.46548083,0.0043308068236926,0.0227304713979299,down,microglial_cell
